date,mm_long,mm_net,mm_short,oi,other_long,other_net,other_short,pm_long,pm_net,pm_short,sd_long,sd_net,sd_short
2006-06-13 00:00:00,21445,15786,5659,163132,8721,6535,2186,20386,-22168,42554,4276,-22147,26423
2006-06-20 00:00:00,20212,13628,6584,161702,8778,6501,2277,22672,-21232,43904,5739,-19559,25298
2006-06-27 00:00:00,19131,12780,6351,141778,8047,3322,4725,21210,-16518,37728,5479,-19376,24855
2006-07-03 00:00:00,19253,16554,2699,131659,7805,3250,4555,17188,-22406,39594,7627,-16836,24463
2006-07-11 00:00:00,20355,18063,2292,135926,7085,1895,5190,17402,-23014,40416,7162,-16156,23318
2006-07-18 00:00:00,19678,15685,3993,135165,7578,3022,4556,15498,-24950,40448,9919,-13261,23180
2006-07-25 00:00:00,19518,15958,3560,132941,7462,3259,4203,14678,-24833,39511,9412,-14079,23491
2006-08-01 00:00:00,22655,18723,3932,133573,6004,1530,4474,14914,-25281,40195,8586,-16676,25262
2006-08-08 00:00:00,27083,23739,3344,146644,6309,1468,4841,14215,-28046,42261,9410,-18043,27453
2006-08-15 00:00:00,27005,23711,3294,149122,5791,820,4971,15603,-27124,42727,8961,-18287,27248
2006-08-22 00:00:00,28126,25520,2606,156771,6461,611,5850,15782,-28450,44232,8665,-18869,27534
2006-08-29 00:00:00,27654,23677,3977,144938,6217,1163,5054,14636,-27350,41986,8240,-19011,27251
2006-09-05 00:00:00,29447,24798,4649,145645,6289,321,5968,13571,-29271,42842,9148,-18634,27782
2006-09-12 00:00:00,22128,15769,6359,135528,7214,1855,5359,14935,-24129,39064,11140,-13875,25015
2006-09-19 00:00:00,18202,9757,8445,134640,7182,4190,2992,15939,-22492,38431,12439,-11002,23441
2006-09-26 00:00:00,19458,11546,7912,134036,6050,3846,2204,16817,-21597,38414,11614,-13072,24686
2006-10-03 00:00:00,18545,11242,7303,132231,5784,4453,1331,16755,-21670,38425,11609,-12795,24404
2006-10-10 00:00:00,19115,11652,7463,134365,5721,4368,1353,18061,-20900,38961,11391,-13571,24962
2006-10-17 00:00:00,22446,15791,6655,142505,6020,3492,2528,18431,-22681,41112,10869,-16205,27074
2006-10-24 00:00:00,23268,16675,6593,145379,7731,5836,1895,18608,-23901,42509,10206,-17222,27428
2006-10-31 00:00:00,26792,20903,5889,146743,5845,3634,2211,16477,-26123,42600,10158,-18873,29031
2006-11-07 00:00:00,29509,23405,6104,151596,6180,3926,2254,16633,-28465,45098,9610,-19884,29494
2006-11-14 00:00:00,33759,28075,5684,156613,6924,4308,2616,15202,-31971,47173,9183,-21006,30189
2006-11-21 00:00:00,34880,29496,5384,156551,6822,4959,1863,16804,-33678,50482,9213,-21812,31025
2006-11-28 00:00:00,36335,31394,4941,136194,7258,5674,1584,12700,-36559,49259,9784,-21394,31178
2006-12-05 00:00:00,39679,35310,4369,136023,6475,4222,2253,11318,-39499,50817,11629,-20624,32253
2006-12-12 00:00:00,41213,36834,4379,139533,7725,4540,3185,11932,-40950,52882,11694,-21247,32941
2006-12-19 00:00:00,28303,23430,4873,133716,11711,10133,1578,13493,-36137,49630,12064,-17296,29360
2006-12-26 00:00:00,26658,21797,4861,127538,10760,8803,1957,13076,-34522,47598,13661,-14904,28565
2007-01-03 00:00:00,26342,20234,6108,130632,9635,7634,2001,14951,-31972,46923,11743,-16666,28409
2007-01-09 00:00:00,27557,22194,5363,129245,9497,7412,2085,14035,-30585,44620,11095,-16886,27981
2007-01-16 00:00:00,27159,22162,4997,128950,9230,6832,2398,14743,-29318,44061,9079,-19170,28249
2007-01-23 00:00:00,29390,24531,4859,138587,9841,7571,2270,17406,-31218,48624,8893,-21499,30392
2007-01-30 00:00:00,32980,27564,5416,141480,9936,7659,2277,16869,-33846,50715,8618,-22932,31550
2007-02-06 00:00:00,35687,29862,5825,147958,9872,7313,2559,17917,-34777,52694,8498,-23950,32448
2007-02-13 00:00:00,39606,33111,6495,157834,10102,7032,3070,18807,-36355,55162,8446,-25343,33789
2007-02-20 00:00:00,41650,34627,7023,160547,10866,8157,2709,18770,-37091,55861,8178,-25132,33310
2007-02-27 00:00:00,50800,45057,5743,154686,9271,6617,2654,16633,-46878,63511,7394,-25008,32402
2007-03-06 00:00:00,29780,23107,6673,140844,10501,9644,857,17013,-35852,52865,10596,-18873,29469
2007-03-13 00:00:00,24424,17766,6658,137688,11656,11014,642,18159,-31541,49700,10973,-18037,29010
2007-03-20 00:00:00,23024,16590,6434,140501,11418,10731,687,18147,-31350,49497,11156,-17576,28732
2007-03-27 00:00:00,23048,16822,6226,136408,12681,12081,600,15341,-33949,49290,11735,-17141,28876
2007-04-03 00:00:00,24389,16792,7597,137916,12590,12079,511,12530,-32724,45254,11348,-18070,29418
2007-04-10 00:00:00,28073,19960,8113,147885,12668,11779,889,12779,-36170,48949,11729,-19615,31344
2007-04-17 00:00:00,31232,23094,8138,153283,13847,12409,1438,12133,-39130,51263,11306,-19491,30797
2007-04-24 00:00:00,32402,23410,8992,154004,14703,13483,1220,12721,-39986,52707,11236,-19311,30547
2007-05-01 00:00:00,28294,17420,10874,132297,13385,12598,787,8861,-37224,46085,12221,-17003,29224
2007-05-08 00:00:00,26632,15143,11489,132804,13770,12998,772,9436,-35128,44564,12896,-16340,29236
2007-05-15 00:00:00,26061,14665,11396,132019,14273,13459,814,8860,-35646,44506,13364,-15487,28851
2007-05-22 00:00:00,24034,10469,13565,133402,14831,13924,907,8330,-32516,40846,14152,-13415,27567
2007-05-29 00:00:00,25800,12525,13275,134942,14879,14551,328,8034,-34951,42985,13712,-13798,27510
2007-06-05 00:00:00,29876,19369,10507,141695,14313,13219,1094,7596,-37616,45212,11999,-17834,29833
2007-06-12 00:00:00,28468,16823,11645,144674,15245,14102,1143,7550,-37090,44640,13939,-15278,29217
2007-06-19 00:00:00,28425,18581,9844,151279,15438,15438,0,8186,-40934,49120,14087,-15528,29615
2007-06-26 00:00:00,24368,12161,12207,143650,14394,12768,1626,10213,-35523,45736,16559,-10801,27360
2007-07-03 00:00:00,24411,9521,14890,141312,13149,11899,1250,10840,-31417,42257,17754,-9595,27349
2007-07-10 00:00:00,24498,11088,13410,141360,14468,13347,1121,9594,-34812,44406,17773,-9700,27473
2007-07-17 00:00:00,24464,13711,10753,140322,13960,12518,1442,9899,-36243,46142,17770,-10812,28582
2007-07-24 00:00:00,29040,19987,9053,147323,13767,12160,1607,10010,-40425,50435,16198,-13141,29339
2007-07-31 00:00:00,24733,14402,10331,143544,13229,12199,1030,11707,-35500,47207,17238,-12222,29460
2007-08-07 00:00:00,25617,16450,9167,148151,13499,12286,1213,13132,-36989,50121,17040,-11865,28905
2007-08-14 00:00:00,19632,10943,8689,148045,15468,14588,880,14498,-35814,50312,18189,-10871,29060
2007-08-21 00:00:00,15978,3242,12736,150179,14125,12786,1339,15752,-32456,48208,20714,-840,21554
2007-08-28 00:00:00,14408,339,14069,135059,11534,10659,875,13630,-30659,44289,20449,1143,19306
2007-09-04 00:00:00,14451,168,14283,132025,11930,10834,1096,14232,-28207,42439,18395,289,18106
2007-09-11 00:00:00,15637,1289,14348,135725,12074,10853,1221,13292,-30917,44209,17467,1912,15555
2007-09-18 00:00:00,17086,4696,12390,139669,10914,8980,1934,14184,-32580,46764,18274,1611,16663
2007-09-25 00:00:00,26119,15385,10734,149867,11029,9588,1441,10601,-41649,52250,17439,-1695,19134
2007-10-02 00:00:00,28024,16971,11053,149720,10487,9546,941,9846,-41070,50916,17174,-5098,22272
2007-10-09 00:00:00,29615,19773,9842,153803,10937,8921,2016,10836,-43177,54013,17123,-5648,22771
2007-10-16 00:00:00,29383,19551,9832,161068,11741,9853,1888,12107,-43660,55767,16595,-6847,23442
2007-10-23 00:00:00,30300,20761,9539,160043,9956,8368,1588,12638,-43404,56042,17209,-5848,23057
2007-10-30 00:00:00,33498,23507,9991,174092,9783,7342,2441,13649,-45496,59145,16908,-7812,24720
2007-11-06 00:00:00,36994,27287,9707,202422,10716,8136,2580,18770,-50319,69089,17201,-7729,24930
2007-11-13 00:00:00,34548,24981,9567,194623,11136,9013,2123,18104,-50121,68225,15189,-8840,24029
2007-11-20 00:00:00,32224,22008,10216,193720,11535,9990,1545,21438,-47723,69161,13795,-9265,23060
2007-11-27 00:00:00,28420,18251,10169,179254,14216,13448,768,22015,-44885,66900,13315,-9278,22593
2007-12-04 00:00:00,25903,16781,9122,174713,13016,11487,1529,23678,-41688,65366,13257,-9774,23031
2007-12-11 00:00:00,27982,19109,8873,187510,13503,11682,1821,26878,-45461,72339,13786,-9293,23079
2007-12-18 00:00:00,23986,13191,10795,184158,13054,11761,1293,28824,-40012,68836,13010,-8664,21674
2007-12-24 00:00:00,26682,19109,7573,187916,12756,11805,951,29128,-43804,72932,12675,-9999,22674
2007-12-31 00:00:00,29581,22794,6787,191024,12811,11868,943,27829,-45321,73150,11395,-12552,23947
2008-01-08 00:00:00,38014,30068,7946,213535,12337,10363,1974,28965,-50211,79176,10767,-14619,25386
2008-01-15 00:00:00,41348,32645,8703,226925,13027,10184,2843,28297,-53963,82260,12991,-12568,25559
2008-01-22 00:00:00,45197,37417,7780,228778,11464,8725,2739,29490,-54982,84472,10551,-15092,25643
2008-01-29 00:00:00,44438,38334,6104,234250,11679,8200,3479,29126,-57046,86172,11007,-14561,25568
2008-02-05 00:00:00,45611,40438,5173,234465,11421,9172,2249,30124,-58377,88501,11443,-13428,24871
2008-02-12 00:00:00,49190,43995,5195,242449,12048,7999,4049,30262,-61611,91873,12903,-11804,24707
2008-02-19 00:00:00,48892,43397,5495,245791,12592,9022,3570,30356,-64981,95337,12749,-11506,24255
2008-02-26 00:00:00,48348,44493,3855,219587,11584,8097,3487,24206,-65613,89819,16742,-7614,24356
2008-03-04 00:00:00,44141,40776,3365,221282,13283,8501,4782,24362,-63907,88269,17981,-6709,24690
2008-03-11 00:00:00,41260,37537,3723,218459,14244,12237,2007,24271,-62720,86991,17566,-8182,25748
2008-03-18 00:00:00,42261,38179,4082,219284,13669,11283,2386,24012,-62485,86497,16770,-8893,25663
2008-03-25 00:00:00,31183,25902,5281,204456,14589,12720,1869,24857,-54909,79766,19051,-4883,23934
2008-04-01 00:00:00,29028,25499,3529,197288,13790,11824,1966,24242,-52923,77165,19356,-3642,22998
2008-04-08 00:00:00,29035,25043,3992,199725,14264,11665,2599,25375,-51668,77043,18667,-4650,23317
2008-04-15 00:00:00,29434,25825,3609,204091,13726,11991,1735,25247,-52365,77612,18798,-5125,23923
2008-04-22 00:00:00,31240,27486,3754,208635,12878,11461,1417,27325,-52738,80063,18266,-6561,24827
2008-04-29 00:00:00,29645,25378,4267,169857,13131,11316,1815,18101,-50017,68118,17451,-5720,23171
2008-05-06 00:00:00,29745,24698,5047,165979,11913,10323,1590,15170,-45663,60833,15239,-8471,23710
2008-05-13 00:00:00,30301,23983,6318,167647,11561,9964,1597,13519,-45916,59435,15118,-8554,23672
2008-05-20 00:00:00,34682,28457,6225,175014,11947,8957,2990,13271,-48794,62065,14884,-9492,24376
2008-05-27 00:00:00,35391,28572,6819,173422,13083,10864,2219,11450,-52179,63629,15520,-8988,24508
2008-06-03 00:00:00,30538,25015,5523,168643,13147,11239,1908,11585,-49014,60599,15231,-7950,23181
2008-06-10 00:00:00,30394,23594,6800,172835,13689,11680,2009,12301,-50206,62507,15060,-5179,20239
2008-06-17 00:00:00,29142,24195,4947,176625,13263,10287,2976,12989,-50875,63864,15688,-4759,20447
2008-06-24 00:00:00,28403,21773,6630,174415,12788,11033,1755,16742,-49660,66402,16626,-4674,21300
2008-07-01 00:00:00,36545,31138,5407,174418,12202,9788,2414,14635,-52383,67018,16917,-8984,25901
2008-07-08 00:00:00,39876,33770,6106,178672,11804,8984,2820,14484,-56417,70901,16365,-8455,24820
2008-07-15 00:00:00,40103,34008,6095,191900,13249,10559,2690,15930,-57145,73075,16364,-10785,27149
2008-07-22 00:00:00,37743,30401,7342,183474,13707,11892,1815,15037,-54383,69420,17082,-11851,28933
2008-07-29 00:00:00,30405,23688,6717,172672,13079,11182,1897,17209,-49132,66341,17511,-7739,25250
2008-08-05 00:00:00,26041,19965,6076,171841,13781,11677,2104,16698,-48937,65635,18515,-3110,21625
2008-08-12 00:00:00,24435,16187,8248,183064,12912,11537,1375,20767,-45462,66229,20054,690,19364
2008-08-19 00:00:00,19709,10987,8722,184503,13009,11825,1184,20919,-45045,65964,22299,4687,17612
2008-08-26 00:00:00,19773,10390,9383,162636,12085,9946,2139,17803,-43264,61067,22377,5497,16880
2008-09-02 00:00:00,20618,9326,11292,155016,12031,10515,1516,14617,-40533,55150,23196,7210,15986
2008-09-09 00:00:00,19721,7190,12531,157065,10802,9410,1392,14689,-38659,53348,23769,7843,15926
2008-09-16 00:00:00,17450,4322,13128,156143,12075,10790,1285,16088,-36992,53080,21251,6617,14634
2008-09-23 00:00:00,15982,4416,11566,148066,11758,10480,1278,15010,-36224,51234,18274,6819,11455
2008-09-30 00:00:00,14781,3899,10882,145848,10092,9176,916,16305,-32761,49066,19490,7326,12164
2008-10-07 00:00:00,13162,3034,10128,143878,10012,8624,1388,17337,-32365,49702,18958,6020,12938
2008-10-14 00:00:00,12819,2946,9873,142578,10077,8998,1079,17715,-30139,47854,18406,6188,12218
2008-10-21 00:00:00,13672,1810,11862,143304,7710,6713,997,20600,-27680,48280,19149,8544,10605
2008-10-28 00:00:00,14128,2487,11641,141816,8129,7455,674,19734,-28265,47999,18184,8010,10174
2008-11-04 00:00:00,15675,5317,10358,141684,7880,7072,808,16422,-30352,46774,15848,5697,10151
2008-11-11 00:00:00,17400,7299,10101,144066,8023,7158,865,17345,-30925,48270,15364,6350,9014
2008-11-18 00:00:00,15795,6641,9154,140447,8153,7018,1135,17076,-32411,49487,16236,8526,7710
2008-11-25 00:00:00,15941,7566,8375,111109,7184,6227,957,14556,-32575,47131,15778,7799,7979
2008-12-02 00:00:00,14109,8614,5495,105753,7942,6677,1265,12331,-34587,46918,16458,9203,7255
2008-12-09 00:00:00,15217,10512,4705,107134,7248,5951,1297,12451,-33504,45955,15699,7885,7814
2008-12-16 00:00:00,16881,11942,4939,112675,8388,7208,1180,12418,-37375,49793,14553,6827,7726
2008-12-22 00:00:00,17030,12704,4326,110802,8357,7342,1015,11447,-37882,49329,14898,5739,9159
2008-12-30 00:00:00,16632,11742,4890,110263,8977,7785,1192,11600,-36770,48370,14643,5145,9498
2009-01-06 00:00:00,16689,12530,4159,114045,8365,7403,962,11359,-38302,49661,15244,5853,9391
2009-01-13 00:00:00,16222,11339,4883,111896,7878,6839,1039,11255,-36076,47331,15594,6936,8658
2009-01-20 00:00:00,17396,12418,4978,114279,7441,6578,863,10084,-37258,47342,15927,6638,9289
2009-01-27 00:00:00,19370,15079,4291,119815,7798,6419,1379,10136,-38838,48974,15244,4108,11136
2009-02-03 00:00:00,19241,15368,3873,125728,8605,7548,1057,11402,-40113,51515,15743,4866,10877
2009-02-10 00:00:00,21211,17930,3281,130692,8106,6843,1263,11438,-42857,54295,16450,5624,10826
2009-02-17 00:00:00,21311,18166,3145,136971,8309,7328,981,11942,-44069,56011,17217,5965,11252
2009-02-24 00:00:00,21697,18837,2860,128944,8321,6939,1382,12319,-46337,58656,15745,6176,9569
2009-03-03 00:00:00,21888,19179,2709,119591,9629,8249,1380,10582,-46882,57464,16162,5990,10172
2009-03-10 00:00:00,20538,18257,2281,119121,9174,7544,1630,10781,-44346,55127,16718,6733,9985
2009-03-17 00:00:00,19518,17218,2300,119429,9368,8114,1254,10819,-44489,55308,16953,6292,10661
2009-03-24 00:00:00,17576,15224,2352,121291,9491,8710,781,10655,-44787,55442,17574,8239,9335
2009-03-31 00:00:00,17145,13254,3891,120758,9534,8056,1478,10019,-44185,54204,18191,8649,9542
2009-04-07 00:00:00,15068,9915,5153,120837,10250,8423,1827,10065,-41101,51166,18656,9324,9332
2009-04-14 00:00:00,14035,10120,3915,122978,9479,7546,1933,10618,-39990,50608,18214,8993,9221
2009-04-21 00:00:00,13851,7565,6286,124705,9276,6772,2504,10196,-37565,47761,18846,10579,8267
2009-04-28 00:00:00,14803,10193,4610,114394,7721,5360,2361,11609,-38217,49826,18265,9739,8526
2009-05-05 00:00:00,17313,14058,3255,116098,8350,6550,1800,10134,-40384,50518,16145,7416,8729
2009-05-12 00:00:00,21452,19152,2300,125921,9370,6188,3182,10666,-44809,55475,15264,5774,9490
2009-05-19 00:00:00,25624,23860,1764,125483,8702,5646,3056,9037,-47115,56152,13715,3209,10506
2009-05-26 00:00:00,25738,23722,2016,126990,8948,5838,3110,7856,-48808,56664,14419,3133,11286
2009-06-02 00:00:00,27193,25024,2169,140490,8799,5470,3329,9115,-50441,59556,16885,4605,12280
2009-06-09 00:00:00,27167,25267,1900,139326,9495,7482,2013,8978,-53455,62433,16383,3573,12810
2009-06-16 00:00:00,24862,23476,1386,136037,8928,7241,1687,9076,-52047,61123,17061,4132,12929
2009-06-23 00:00:00,21739,20029,1710,139882,9856,8651,1205,10573,-49860,60433,17102,4393,12709
2009-06-30 00:00:00,21850,18343,3507,133039,9982,9099,883,12975,-48916,61891,16830,4627,12203
2009-07-07 00:00:00,20328,17066,3262,128789,10455,9355,1100,10682,-46909,57591,17711,5989,11722
2009-07-14 00:00:00,18525,13251,5274,127290,10139,8687,1452,10658,-43997,54655,17983,7074,10909
2009-07-21 00:00:00,18628,11545,7083,128635,10145,8437,1708,10755,-42757,53512,17701,6391,11310
2009-07-28 00:00:00,20295,14797,5498,128477,10353,8382,1971,10259,-44157,54416,17166,5186,11980
2009-08-04 00:00:00,22435,19098,3337,132824,10199,7563,2636,10140,-45147,55287,15881,1586,14295
2009-08-11 00:00:00,27303,24790,2513,138064,10160,6203,3957,10300,-46226,56526,14920,-607,15527
2009-08-18 00:00:00,25471,23229,2242,136198,10655,7594,3061,10298,-45679,55977,14715,-1473,16188
2009-08-25 00:00:00,26074,23996,2078,134794,10435,8345,2090,10888,-46946,57834,14634,-108,14742
2009-09-01 00:00:00,32205,30464,1741,137630,10407,7052,3355,11385,-50466,61851,14641,-1821,16462
2009-09-08 00:00:00,37515,35866,1649,153702,11389,8232,3157,9070,-57041,66111,15263,-3754,19017
2009-09-15 00:00:00,44533,43491,1042,164397,11113,6977,4136,8344,-61124,69468,14653,-5769,20422
2009-09-22 00:00:00,45427,44318,1109,171065,11912,7771,4141,8823,-63773,72596,15077,-6403,21480
2009-09-29 00:00:00,42969,41853,1116,165636,11990,9272,2718,9195,-63308,72503,15524,-5484,21008
2009-10-06 00:00:00,43061,41967,1094,173712,12236,9791,2445,8420,-64146,72566,15926,-6545,22471
2009-10-13 00:00:00,43417,42599,818,181064,13226,10342,2884,8838,-65067,73905,16681,-6059,22740
2009-10-20 00:00:00,43090,42130,960,179332,13985,11076,2909,9514,-66152,75666,16671,-5935,22606
2009-10-27 00:00:00,38548,37608,940,171943,13789,10976,2813,9571,-65815,75386,17326,-3721,21047
2009-11-03 00:00:00,34549,33176,1373,171906,12233,11136,1097,10679,-62733,73412,17889,-2032,19921
2009-11-09 00:00:00,33348,32057,1291,186560,11883,10966,917,12042,-63909,75951,17461,-1229,18690
2009-11-17 00:00:00,38393,37625,768,192059,11126,9183,1943,10335,-63842,74177,18013,-1746,19759
2009-11-24 00:00:00,37569,36935,634,168465,10988,9250,1738,11481,-64948,76429,18390,-1162,19552
2009-12-01 00:00:00,37496,36691,805,166722,12041,9153,2888,10845,-63800,74645,18398,-1844,20242
2009-12-08 00:00:00,34482,33918,564,157310,11429,9171,2258,10619,-60924,71543,16766,-2652,19418
2009-12-15 00:00:00,28966,27512,1454,152183,12845,11416,1429,9689,-59772,69461,18018,173,17845
2009-12-22 00:00:00,28364,27731,633,151952,13691,11922,1769,8981,-59314,68295,17966,460,17506
2009-12-29 00:00:00,28009,26631,1378,151647,13788,12471,1317,8797,-60251,69048,18478,1011,17467
2010-01-05 00:00:00,30247,27688,2559,154501,13818,12362,1456,8540,-58929,67469,17033,-506,17539
2010-01-12 00:00:00,36399,35698,701,159868,11755,9362,2393,9500,-61611,71111,16581,-2014,18595
2010-01-19 00:00:00,37518,37080,438,163608,11354,7785,3569,9329,-61618,70947,17182,-1973,19155
2010-01-26 00:00:00,26889,25121,1768,153070,14281,11776,2505,9085,-60001,69086,18662,3654,15008
2010-02-02 00:00:00,21677,17505,4172,150051,14887,13611,1276,9320,-55735,65055,21329,7348,13981
2010-02-09 00:00:00,17516,11509,6007,150078,14615,12619,1996,10172,-48795,58967,21797,8618,13179
2010-02-16 00:00:00,19434,13001,6433,151116,15123,13227,1896,10328,-48708,59036,21407,8073,13334
2010-02-23 00:00:00,19648,13195,6453,139415,15081,13702,1379,12110,-48141,60251,20571,8032,12539
2010-03-02 00:00:00,22411,18605,3806,133223,14101,12285,1816,9825,-47905,57730,20738,6219,14519
2010-03-09 00:00:00,26627,24197,2430,137627,13034,10841,2193,8449,-50705,59154,20140,4111,16029
2010-03-16 00:00:00,28173,25650,2523,139862,11929,9201,2728,8772,-52436,61208,19825,3484,16341
2010-03-23 00:00:00,26667,23588,3079,137392,11780,9245,2535,8618,-50534,59152,20051,3510,16541
2010-03-30 00:00:00,28067,25422,2645,138719,11149,8302,2847,8896,-50304,59200,20398,1930,18468
2010-04-06 00:00:00,33659,31073,2586,146903,10557,7310,3247,8481,-53262,61743,19057,-832,19889
2010-04-13 00:00:00,36751,33145,3606,154294,10987,7653,3334,8526,-56861,65387,18904,-1373,20277
2010-04-20 00:00:00,36204,31416,4788,155405,10880,8379,2501,9785,-54799,64584,19188,-1856,21044
2010-04-27 00:00:00,38279,33276,5003,148673,10708,8408,2300,10132,-56660,66792,18552,-2321,20873
2010-05-04 00:00:00,37059,31127,5932,149145,11163,8650,2513,9768,-57995,67763,21338,239,21099
2010-05-11 00:00:00,38438,34533,3905,158291,10910,5521,5389,10118,-53941,64059,19947,-2114,22061
2010-05-18 00:00:00,41507,39742,1765,161279,11353,5519,5834,9780,-55900,65680,18955,-6702,25657
2010-05-25 00:00:00,32152,28323,3829,152323,10697,8075,2622,8452,-54040,62492,21584,29,21555
2010-06-01 00:00:00,32035,30159,1876,156371,10868,8112,2756,8406,-55240,63646,22142,72,22070
2010-06-08 00:00:00,30931,29153,1778,156914,10630,8126,2504,9051,-54692,63743,20986,-637,21623
2010-06-15 00:00:00,33917,32317,1600,165488,11201,8329,2872,9203,-56116,65319,20081,-1547,21628
2010-06-22 00:00:00,37555,35905,1650,174875,10805,7460,3345,9960,-58198,68158,20299,-1285,21584
2010-06-29 00:00:00,36214,34426,1788,154405,11063,7642,3421,10371,-58843,69214,20255,-634,20889
2010-07-06 00:00:00,28206,25662,2544,143967,11065,9025,2040,10156,-53319,63475,19841,165,19676
2010-07-13 00:00:00,27727,25970,1757,143281,11054,9350,1704,9770,-53570,63340,20652,1261,19391
2010-07-20 00:00:00,25098,21945,3153,142543,11944,9471,2473,9996,-52343,62339,20480,3556,16924
2010-07-27 00:00:00,25093,21470,3623,140263,12637,8323,4314,8945,-50172,59117,20735,3014,17721
2010-08-03 00:00:00,31457,28941,2516,150080,11414,7406,4008,8453,-51950,60403,18896,-1340,20236
2010-08-10 00:00:00,31240,28255,2985,148445,10877,7309,3568,8767,-52303,61070,18925,-1107,20032
2010-08-17 00:00:00,31270,28429,2841,156590,11826,7333,4493,8677,-52773,61450,18808,-1916,20724
2010-08-24 00:00:00,30372,27244,3128,150636,11419,7563,3856,10830,-53040,63870,20205,1099,19106
2010-08-31 00:00:00,42246,39499,2747,159078,11536,5135,6401,9627,-59899,69526,19929,-111,20040
2010-09-07 00:00:00,47330,44724,2606,171246,12279,3630,8649,9002,-63386,72388,20840,-365,21205
2010-09-14 00:00:00,49308,46580,2728,179995,12435,3921,8514,9328,-64984,74312,21091,-2411,23502
2010-09-21 00:00:00,49754,46995,2759,183317,13771,5043,8728,8370,-64816,73186,20820,-3681,24501
2010-09-28 00:00:00,53210,48686,4524,193277,13138,4154,8984,8681,-64394,73075,20959,-3244,24203
2010-10-05 00:00:00,51889,47332,4557,201885,12312,3065,9247,9162,-61660,70822,21803,-3380,25183
2010-10-12 00:00:00,45574,40920,4654,204550,14964,7020,7944,10123,-60741,70864,21957,-3797,25754
2010-10-19 00:00:00,42855,38048,4807,207920,14250,8422,5828,9959,-58764,68723,20907,-3117,24024
2010-10-26 00:00:00,41601,36593,5008,205629,12566,6745,5821,10463,-57563,68026,19754,-3470,23224
2010-11-02 00:00:00,40189,34947,5242,216982,12798,7609,5189,11059,-58505,69564,20509,-843,21352
2010-11-09 00:00:00,31593,26620,4973,237671,12762,7224,5538,14536,-55808,70344,22773,2884,19889
2010-11-16 00:00:00,26518,21115,5403,213916,12183,9281,2902,13644,-53171,66815,23330,4288,19042
2010-11-23 00:00:00,27717,23007,4710,185126,11899,7998,3901,12806,-51636,64442,22405,2957,19448
2010-11-30 00:00:00,29222,26853,2369,174328,10931,7966,2965,8583,-52075,60658,22029,180,21849
2010-12-07 00:00:00,28899,26240,2659,185086,12251,7697,4554,8244,-50667,58911,21944,-467,22411
2010-12-14 00:00:00,27413,24151,3262,179563,10828,8018,2810,8294,-49104,57398,20606,-2203,22809
2010-12-21 00:00:00,27462,24353,3109,181237,10805,7989,2816,9552,-47465,57017,21369,-2807,24176
2010-12-28 00:00:00,29899,26836,3063,184529,10482,6323,4159,9016,-49692,58708,21215,-3491,24706
2011-01-04 00:00:00,27475,22806,4669,184569,11676,8612,3064,8611,-49016,57627,20650,-3278,23928
2011-01-11 00:00:00,26081,22743,3338,184954,11456,8732,2724,9256,-46577,55833,20013,-3293,23306
2011-01-18 00:00:00,24502,20318,4184,183207,15540,11699,3841,9359,-46576,55935,19061,-1825,20886
2011-01-25 00:00:00,23566,18093,5473,174347,15524,12604,2920,9799,-43474,53273,18774,-3081,21855
2011-02-01 00:00:00,26441,23457,2984,175074,12181,9705,2476,10428,-44340,54768,19207,-3513,22720
2011-02-08 00:00:00,32437,29742,2695,189623,12458,9487,2971,9828,-47693,57521,17637,-5947,23584
2011-02-15 00:00:00,37238,35159,2079,203696,13633,8944,4689,11020,-50796,61816,17269,-7978,25247
2011-02-22 00:00:00,37725,35438,2287,213276,13678,8037,5641,11539,-52444,63983,16021,-9147,25168
2011-03-01 00:00:00,37247,35182,2065,185441,13384,6866,6518,11499,-54537,66036,17795,-6875,24670
2011-03-08 00:00:00,37339,34967,2372,188821,14043,8689,5354,12179,-52117,64296,17243,-8850,26093
2011-03-15 00:00:00,35583,33064,2519,190497,12153,6383,5770,12482,-50855,63337,17755,-7606,25361
2011-03-22 00:00:00,36009,34326,1683,196407,12008,7128,4880,13321,-51561,64882,16786,-9016,25802
2011-03-29 00:00:00,35528,33540,1988,197944,12049,7378,4671,12804,-52680,65484,18388,-7286,25674
2011-04-05 00:00:00,37924,34278,3646,211429,11694,6933,4761,13285,-53298,66583,18022,-8380,26402
2011-04-12 00:00:00,35152,30525,4627,219124,12818,7206,5612,13938,-49193,63131,18118,-7588,25706
2011-04-19 00:00:00,34890,31204,3686,233453,13954,10229,3725,16181,-50830,67011,15499,-9790,25289
2011-04-26 00:00:00,31759,25791,5968,209275,11769,4945,6824,13181,-46560,59741,18559,-3165,21724
2011-05-03 00:00:00,28830,25100,3730,201622,13929,4004,9925,14886,-45982,60868,14797,-3046,17843
2011-05-10 00:00:00,22634,19228,3406,196358,12575,10284,2291,16002,-45191,61193,14279,-3450,17729
2011-05-17 00:00:00,20892,16748,4144,193531,11107,7319,3788,16888,-42564,59452,16227,327,15900
2011-05-24 00:00:00,20076,15226,4850,194526,11897,9019,2878,16648,-43209,59857,14819,89,14730
2011-05-31 00:00:00,20835,16488,4347,187301,9472,7553,1919,17124,-41334,58458,15457,-896,16353
2011-06-07 00:00:00,20608,17296,3312,186987,9011,6054,2957,17336,-39673,57009,15754,-1255,17009
2011-06-14 00:00:00,19690,16242,3448,183647,10062,6583,3479,17504,-38431,55935,15686,-2110,17796
2011-06-21 00:00:00,22537,20296,2241,187895,8835,5438,3397,16276,-41504,57780,15656,-1597,17253
2011-06-28 00:00:00,19281,15089,4192,159867,9411,6474,2937,14405,-39620,54025,19240,3853,15387
2011-07-05 00:00:00,21584,18828,2756,158840,7851,5912,1939,13661,-42232,55893,18023,1782,16241
2011-07-12 00:00:00,22798,20703,2095,162870,7828,6115,1713,11401,-45271,56672,17820,486,17334
2011-07-19 00:00:00,26548,24740,1808,178427,8126,4185,3941,11759,-47871,59630,18319,-1116,19435
2011-07-26 00:00:00,28921,27492,1429,178162,8128,4375,3753,11352,-48841,60193,16960,-3747,20707
2011-08-02 00:00:00,30165,28119,2046,178637,7561,4460,3101,11180,-50003,61183,16373,-4112,20485
2011-08-09 00:00:00,24467,21250,3217,175525,7558,4554,3004,13213,-46229,59442,20690,1674,19016
2011-08-16 00:00:00,25336,23327,2009,176077,7614,5928,1686,13408,-48915,62323,18765,-960,19725
2011-08-23 00:00:00,31225,29764,1461,189639,8201,5750,2451,13120,-54125,67245,18797,-3177,21974
2011-08-30 00:00:00,28461,26431,2030,165277,9083,7146,1937,11243,-52378,63621,19056,-1221,20277
2011-09-06 00:00:00,29586,28256,1330,168497,8273,6279,1994,10766,-52982,63748,18177,-3237,21414
2011-09-13 00:00:00,27882,26310,1572,168279,9142,6893,2249,10142,-49559,59701,18430,-4505,22935
2011-09-20 00:00:00,26379,22801,3578,167584,8002,6002,2000,10791,-46736,57527,18824,-2035,20859
2011-09-27 00:00:00,18195,14866,3329,156853,7314,5028,2286,14252,-34746,48998,21415,4497,16918
2011-10-04 00:00:00,16982,11424,5558,159403,8026,5788,2238,15428,-31197,46625,22186,5857,16329
2011-10-11 00:00:00,17102,11573,5529,157644,7813,5839,1974,12980,-34336,47316,21963,6994,14969
2011-10-18 00:00:00,16352,10637,5715,160153,7085,4862,2223,14063,-33854,47917,23307,8930,14377
2011-10-25 00:00:00,17147,12106,5041,164776,6932,4184,2748,13640,-36138,49778,21600,6326,15274
2011-11-01 00:00:00,17816,13261,4555,163661,6649,4519,2130,13750,-36897,50647,22478,7317,15161
2011-11-08 00:00:00,18051,13918,4133,167643,6868,4795,2073,16584,-38690,55274,22012,6881,15131
2011-11-15 00:00:00,18905,15307,3598,166036,7378,4922,2456,15528,-40388,55916,20935,7452,13483
2011-11-22 00:00:00,17581,12542,5039,140970,6768,4394,2374,13787,-36786,50573,22812,10130,12682
2011-11-29 00:00:00,17690,12334,5356,131996,7119,4192,2927,14126,-36121,50247,21874,10349,11525
2011-12-06 00:00:00,17702,12455,5247,128746,6402,4570,1832,12554,-36556,49110,20512,9023,11489
2011-12-13 00:00:00,18130,11864,6266,132087,8177,5938,2239,11552,-37533,49085,21191,12366,8825
2011-12-20 00:00:00,17616,7242,10374,139802,7210,4370,2840,14445,-34123,48568,22732,14433,8299
2011-12-27 00:00:00,17223,6200,11023,138611,7600,4830,2770,14126,-33797,47923,23638,15259,8379
2012-01-03 00:00:00,20325,9616,10709,142713,7464,3946,3518,14781,-34043,48824,23028,13520,9508
2012-01-10 00:00:00,20043,11632,8411,139861,6796,2906,3890,14356,-34517,48873,20908,11195,9713
2012-01-17 00:00:00,20380,13139,7241,140889,6732,3526,3206,13741,-35729,49470,20992,11291,9701
2012-01-24 00:00:00,20943,16034,4909,143649,6214,2844,3370,13413,-37468,50881,18289,8909,9380
2012-01-31 00:00:00,22545,18702,3843,144510,6035,2826,3209,13088,-40206,53294,17319,7979,9340
2012-02-07 00:00:00,27915,25129,2786,153227,5205,1520,3685,12827,-43807,56634,15867,4956,10911
2012-02-14 00:00:00,28109,25474,2635,149722,5359,2806,2553,12452,-45055,57507,14981,4138,10843
2012-02-21 00:00:00,30960,28025,2935,156007,4655,1727,2928,12928,-46308,59236,15402,3285,12117
2012-02-28 00:00:00,35907,33503,2404,164356,5721,2059,3662,14836,-50269,65105,15000,-1203,16203
2012-03-06 00:00:00,26635,24090,2545,152451,5949,3726,2223,14387,-46308,60695,18397,4867,13530
2012-03-13 00:00:00,25030,22744,2286,153451,6223,3793,2430,13880,-45646,59526,18013,4256,13757
2012-03-20 00:00:00,23559,20314,3245,152564,7166,4895,2271,15219,-43142,58361,19133,6178,12955
2012-03-27 00:00:00,22221,17031,5190,146767,6325,4884,1441,15782,-41324,57106,19540,7505,12035
2012-04-03 00:00:00,24060,18839,5221,154776,6806,4515,2291,16323,-41742,58065,19347,6149,13198
2012-04-10 00:00:00,21510,14905,6605,153142,8047,6454,1593,17999,-40157,58156,20900,9704,11196
2012-04-17 00:00:00,19440,13390,6050,161656,9712,7920,1792,21073,-39891,60964,20584,9705,10879
2012-04-24 00:00:00,19689,10756,8933,163799,9807,7790,2017,23338,-37171,60509,21996,12002,9994
2012-05-01 00:00:00,18834,10565,8269,143447,8754,7128,1626,21009,-36095,57104,19886,9490,10396
2012-05-08 00:00:00,18632,7159,11473,150237,9783,7336,2447,23043,-32889,55932,21249,12458,8791
2012-05-15 00:00:00,18856,6693,12163,156119,8536,5994,2542,23257,-32626,55883,21142,14896,6246
2012-05-22 00:00:00,19025,5016,14009,159105,8999,7321,1678,23091,-32150,55241,20843,14640,6203
2012-05-29 00:00:00,18877,4912,13965,157233,8718,7007,1711,22223,-33891,56114,22081,15516,6565
2012-06-05 00:00:00,19489,6549,12940,160849,9446,6718,2728,20876,-34707,55583,21819,14084,7735
2012-06-12 00:00:00,19320,7312,12008,166586,8636,5788,2848,22731,-36274,59005,21222,14154,7068
2012-06-19 00:00:00,20057,7490,12567,167643,8653,5492,3161,22696,-36311,59007,22248,15825,6423
2012-06-26 00:00:00,19334,2888,16446,162526,9780,5012,4768,22567,-32008,54575,24314,18394,5920
2012-07-03 00:00:00,20416,6588,13828,158881,8895,5132,3763,23675,-34035,57710,21019,14368,6651
2012-07-10 00:00:00,20112,5799,14313,162246,8652,4574,4078,24332,-32535,56867,22747,16634,6113
2012-07-17 00:00:00,20622,4831,15791,159608,8132,4008,4124,24515,-32826,57341,22511,16303,6208
2012-07-24 00:00:00,21027,3465,17562,162832,9167,5098,4069,22892,-33707,56599,24133,17489,6644
2012-07-31 00:00:00,22457,8589,13868,158939,9514,5644,3870,20756,-37347,58103,21491,14322,7169
2012-08-07 00:00:00,22790,9323,13467,161387,8536,5042,3494,22398,-36782,59180,20396,13860,6536
2012-08-14 00:00:00,23499,10575,12924,166970,8478,5128,3350,23157,-38178,61335,20608,14132,6476
2012-08-21 00:00:00,26632,17452,9180,168075,8907,4757,4150,21107,-42992,64099,17975,8951,9024
2012-08-28 00:00:00,30436,25527,4909,156558,10426,5336,5090,19635,-45913,65548,14697,4053,10644
2012-09-04 00:00:00,32412,28153,4259,159977,11791,7139,4652,17324,-51682,69006,14763,2898,11865
2012-09-11 00:00:00,33239,29480,3759,167434,10899,6864,4035,16448,-54118,70566,14708,1228,13480
2012-09-18 00:00:00,34659,30986,3673,179907,11653,7229,4424,13723,-44431,58154,13499,-12453,25952
2012-09-25 00:00:00,37643,33985,3658,177067,9483,4216,5267,12892,-45712,58604,14293,-11624,25917
2012-10-02 00:00:00,39829,37844,1985,186361,10030,5105,4925,12872,-49310,62182,15119,-14248,29367
2012-10-09 00:00:00,40949,38618,2331,186126,10115,5738,4377,13024,-48640,61664,15328,-13634,28962
2012-10-16 00:00:00,38592,36382,2210,185859,11598,7518,4080,12568,-48082,60650,15351,-13482,28833
2012-10-23 00:00:00,35378,32557,2821,185705,12488,7966,4522,13101,-47085,60186,14792,-11609,26401
2012-10-30 00:00:00,34351,30004,4347,180256,12847,8566,4281,13044,-46217,59261,15341,-10659,26000
2012-11-06 00:00:00,32243,27350,4893,186111,12595,8997,3598,13822,-46186,60008,16807,-6530,23337
2012-11-13 00:00:00,32824,27802,5022,191144,13221,9270,3951,13707,-47701,61408,18945,-6680,25625
2012-11-20 00:00:00,36365,33317,3048,195882,12006,7985,4021,13747,-50880,64627,17305,-8205,25510
2012-11-27 00:00:00,40370,37327,3043,181094,12049,8335,3714,13780,-53327,67107,15239,-11116,26355
2012-12-04 00:00:00,39658,36852,2806,173134,11186,7760,3426,12842,-51274,64116,15040,-11347,26387
2012-12-11 00:00:00,37829,34862,2967,174534,11488,8452,3036,12788,-49900,62688,15102,-12570,27672
2012-12-18 00:00:00,33403,30119,3284,174704,11802,8617,3185,13369,-48477,61846,16190,-10298,26488
2012-12-24 00:00:00,27572,23113,4459,180136,11428,9046,2382,14998,-42728,57726,19826,-6406,26232
2012-12-31 00:00:00,27776,22762,5014,176567,11063,8617,2446,15707,-41860,57567,19750,-6441,26191
2013-01-08 00:00:00,26598,21002,5596,173224,11171,9354,1817,14946,-40311,55257,20022,-3984,24006
2013-01-15 00:00:00,27779,22397,5382,176808,11444,8685,2759,15535,-41285,56820,20138,-4124,24262
2013-01-22 00:00:00,31573,26336,5237,178525,10397,7614,2783,14095,-43732,57827,19786,-7297,27083
2013-01-29 00:00:00,34012,29580,4432,180631,9793,7342,2451,14047,-46156,60203,20479,-6795,27274
2013-02-05 00:00:00,32550,29628,2922,185547,9728,7737,1991,14638,-46970,61608,19993,-7275,27268
2013-02-12 00:00:00,30511,25674,4837,187263,9406,7558,1848,16948,-45423,62371,20981,-3075,24056
2013-02-19 00:00:00,26391,16867,9524,194716,11494,9363,2131,16932,-41141,58073,24674,2893,21781
2013-02-26 00:00:00,25283,11652,13631,178020,11123,9543,1580,16144,-39138,55282,27379,8233,19146
2013-03-05 00:00:00,23602,6118,17484,181614,13039,10908,2131,17674,-36374,54048,28086,8171,19915
2013-03-12 00:00:00,23210,5040,18170,181986,13826,11517,2309,17147,-35739,52886,27380,7366,20014
2013-03-19 00:00:00,23890,2774,21116,187780,12917,10252,2665,17915,-34383,52298,28762,9352,19410
2013-03-26 00:00:00,23014,632,22382,184304,12826,9237,3589,17214,-33797,51011,29578,10903,18675
2013-04-02 00:00:00,23449,-2982,26431,194032,13062,9570,3492,19182,-29671,48853,30697,12487,18210
2013-04-09 00:00:00,25544,-560,26104,200810,11485,7626,3859,20751,-30127,50878,30704,12752,17952
2013-04-16 00:00:00,25415,7694,17721,220027,11080,8471,2609,20289,-33525,53814,30714,11873,18841
2013-04-23 00:00:00,24706,5689,19017,228069,10173,6904,3269,23089,-31242,54331,33252,16148,17104
2013-04-30 00:00:00,24426,6190,18236,194361,9013,5417,3596,25136,-27482,52618,32485,13617,18868
2013-05-07 00:00:00,23353,5122,18231,198365,9771,7400,2371,24568,-27842,52410,32800,14344,18456
2013-05-14 00:00:00,23211,1413,21798,202407,9532,7280,2252,25479,-26034,51513,34448,14599,19849
2013-05-21 00:00:00,23324,-187,23511,214292,9163,6981,2182,27568,-26132,53700,35194,15727,19467
2013-05-28 00:00:00,23722,63,23659,200841,9140,2886,6254,23081,-27082,50163,38669,20090,18579
2013-06-04 00:00:00,24460,1230,23230,203885,9430,2902,6528,25714,-26910,52624,38223,19501,18722
2013-06-11 00:00:00,25054,-545,25599,208581,9841,3591,6250,23938,-27943,51881,39649,23191,16458
2013-06-18 00:00:00,25325,-100,25425,212576,9971,4174,5797,23099,-28323,51422,38790,21902,16888
2013-06-25 00:00:00,27102,586,26516,195144,7270,1059,6211,21323,-28423,49746,40376,23283,17093
2013-07-02 00:00:00,28155,3763,24392,196611,8380,1906,6474,22589,-28916,51505,37506,19676,17830
2013-07-09 00:00:00,28243,4705,23538,195895,8663,1101,7562,21622,-28087,49709,37559,19890,17669
2013-07-16 00:00:00,27995,4830,23165,194416,9012,2276,6736,21452,-30050,51502,36604,17735,18869
2013-07-23 00:00:00,28085,6321,21764,194671,7981,247,7734,21702,-29819,51521,36549,18155,18394
2013-07-30 00:00:00,29094,6675,22419,194534,6911,-978,7889,21821,-28737,50558,37218,19048,18170
2013-08-06 00:00:00,28117,4358,23759,194918,6939,3099,3840,18738,-27770,46508,37991,14809,23182
2013-08-13 00:00:00,30116,11423,18693,199824,8190,4415,3775,20232,-32994,53226,33864,8848,25016
2013-08-20 00:00:00,29139,16139,13000,201093,9643,6684,2959,19871,-33746,53617,31927,5965,25962
2013-08-27 00:00:00,28118,16469,11649,182448,8661,5249,3412,17254,-36489,53743,32368,6241,26127
2013-09-03 00:00:00,29109,19375,9734,177845,9232,5455,3777,16054,-35539,51593,29556,1594,27962
2013-09-10 00:00:00,27301,16605,10696,173286,8369,4983,3386,15644,-33144,48788,30656,3265,27391
2013-09-17 00:00:00,25063,13992,11071,174995,8989,6037,2952,15175,-32471,47646,31224,3317,27907
2013-09-24 00:00:00,24175,12198,11977,175373,8477,6423,2054,16353,-31748,48101,32922,5471,27451
2013-10-01 00:00:00,26105,12607,13498,175272,7610,5493,2117,17042,-31022,48064,34558,8566,25992
2013-10-08 00:00:00,26791,14973,11818,176138,7852,5641,2211,16703,-32868,49571,33047,5317,27730
2013-10-15 00:00:00,27055,13609,13446,176789,8489,6434,2055,17608,-32365,49973,33197,7183,26014
2013-10-22 00:00:00,29335,18147,11188,177485,8521,6000,2521,16389,-35891,52280,32162,4580,27582
2013-10-29 00:00:00,31188,19974,11214,174026,6948,4644,2304,15910,-35374,51284,31932,2487,29445
2013-11-05 00:00:00,29720,18369,11351,174212,7830,5707,2123,15552,-35466,51018,32777,3938,28839
2013-11-12 00:00:00,29258,9782,19476,186365,9634,7517,2117,17786,-34045,51831,33251,6586,26665
2013-11-19 00:00:00,28639,4657,23982,197970,11054,8117,2937,20866,-29464,50330,33943,8450,25493
2013-11-26 00:00:00,28977,710,28267,169815,11369,7602,3767,18254,-27238,45492,32905,8768,24137
2013-12-03 00:00:00,27756,-5386,33142,174124,13727,9678,4049,17964,-23975,41939,35126,9977,25149
2013-12-10 00:00:00,28254,-722,28976,172292,14698,11768,2930,19949,-27059,47008,33274,8060,25214
2013-12-17 00:00:00,28928,1921,27007,174141,13003,10234,2769,19688,-28239,47927,33413,7944,25469
2013-12-24 00:00:00,28756,1537,27219,173041,12770,10691,2079,20287,-27874,48161,32962,7704,25258
2013-12-31 00:00:00,29960,5573,24387,171427,12058,9495,2563,19659,-29756,49415,31299,4275,27024
2014-01-07 00:00:00,28288,7260,21028,170272,12686,10507,2179,19100,-29830,48930,30970,3574,27396
2014-01-14 00:00:00,29758,8791,20967,174993,11364,8332,3032,18867,-30627,49494,34312,4960,29352
2014-01-21 00:00:00,29999,7322,22677,179859,11333,8286,3047,20658,-29364,50022,35054,5444,29610
2014-01-28 00:00:00,27588,1492,26096,183561,12152,8474,3678,21137,-28174,49311,36324,7309,29015
2014-02-04 00:00:00,28952,-353,29305,189297,11177,6489,4688,22834,-21821,44655,36923,7462,29461
2014-02-11 00:00:00,30927,7675,23252,187895,9782,5073,4709,22042,-23806,45848,31897,798,31099
2014-02-18 00:00:00,30626,18504,12122,194241,11641,7886,3755,22826,-29622,52448,30504,-6645,37149
2014-02-25 00:00:00,34894,25090,9804,181176,11173,5073,6100,22885,-31728,54613,30048,-9009,39057
2014-03-04 00:00:00,34413,23343,11070,169357,9622,4047,5575,18303,-33366,51669,31340,-6434,37774
2014-03-11 00:00:00,34000,20991,13009,172767,9084,4402,4682,19344,-32584,51928,31768,-4375,36143
2014-03-18 00:00:00,34529,18239,16290,181834,9263,4819,4444,22503,-32746,55249,33935,-2529,36464
2014-03-25 00:00:00,32838,9580,23258,186200,9867,6100,3767,22164,-26767,48931,36314,-2559,38873
2014-04-01 00:00:00,31380,5582,25798,187349,9978,5538,4440,22410,-25121,47531,37817,-640,38457
2014-04-08 00:00:00,31520,5429,26091,196287,10780,7594,3186,28269,-26233,54502,38149,25,38124
2014-04-15 00:00:00,31039,1645,29394,204290,11453,7625,3828,29411,-24409,53820,41006,4422,36584
2014-04-22 00:00:00,31243,2620,28623,197874,10211,6748,3463,27511,-23857,51368,40426,5344,35082
2014-04-29 00:00:00,32260,1862,30398,186148,11574,7704,3870,22447,-24668,47115,39037,3557,35480
2014-05-06 00:00:00,32710,988,31722,188890,11493,7540,3953,22359,-22576,44935,40301,3962,36339
2014-05-13 00:00:00,32648,1696,30952,190136,12098,7907,4191,22947,-21466,44413,40137,3716,36421
2014-05-20 00:00:00,31588,-1948,33536,190361,12307,7767,4540,22034,-20194,42228,41527,4758,36769
2014-05-27 00:00:00,31651,-6997,38648,195586,13789,9401,4388,22773,-18963,41736,42326,7211,35115
2014-06-03 00:00:00,32331,-10602,42933,203560,14329,8278,6051,21498,-18418,39916,44320,11668,32652
2014-06-10 00:00:00,33178,-6123,39301,202778,12795,7772,5023,21435,-19637,41072,41727,7559,34168
2014-06-17 00:00:00,34632,5134,29498,207691,11783,7268,4515,22640,-20128,42768,36761,-2265,39026
2014-06-24 00:00:00,40839,24757,16082,209495,12172,6046,6126,20593,-27168,47761,31219,-18174,49393
2014-07-01 00:00:00,47755,36697,11058,202625,11797,5299,6498,17897,-28503,46400,31168,-25957,57125
2014-07-08 00:00:00,53951,44517,9434,208924,11908,4988,6920,15930,-31502,47432,31573,-29019,60592
2014-07-15 00:00:00,53941,46795,7146,209481,11302,5004,6298,15846,-33906,49752,30459,-27591,58050
2014-07-22 00:00:00,52570,46221,6349,210580,11478,4785,6693,15084,-33586,48670,30771,-29144,59915
2014-07-29 00:00:00,49029,41699,7330,202658,10816,5543,5273,15551,-32309,47860,32361,-28238,60599
2014-08-05 00:00:00,42712,29065,13647,202761,11851,7404,4447,16314,-30196,46510,34843,-20682,55525
2014-08-12 00:00:00,41554,23506,18048,204366,13009,9486,3523,19255,-27657,46912,32305,-20114,52419
2014-08-19 00:00:00,40535,16523,24012,212249,13095,9462,3633,20735,-25004,45739,35152,-15087,50239
2014-08-26 00:00:00,41404,13718,27686,204530,13635,9690,3945,21881,-24256,46137,36117,-14600,50717
2014-09-02 00:00:00,41593,6264,35329,203678,16467,12771,3696,19972,-22654,42626,38162,-10072,48234
2014-09-09 00:00:00,39206,2237,36969,207596,17310,12612,4698,22654,-22512,45166,37999,-6745,44744
2014-09-16 00:00:00,37635,-4557,42192,216889,17363,12462,4901,27096,-18411,45507,38035,-3341,41376
2014-09-23 00:00:00,36134,-4894,41028,226200,15140,9887,5253,28049,-17682,45731,39821,3250,36571
2014-09-30 00:00:00,38799,-6073,44872,234230,15381,8910,6471,27641,-17779,45420,41473,4583,36890
2014-10-07 00:00:00,36631,-7071,43702,234169,15248,10059,5189,27175,-16130,43305,41944,4449,37495
2014-10-14 00:00:00,36072,-9089,45161,231831,15719,10902,4817,26381,-15516,41897,40350,3615,36735
2014-10-21 00:00:00,36745,-8637,45382,231717,14733,10042,4691,26594,-15888,42482,42240,5472,36768
2014-10-28 00:00:00,36494,-10321,46815,231831,15119,10223,4896,25718,-16403,42121,42649,7181,35468
2014-11-04 00:00:00,38735,-6163,44898,246984,12718,6307,6411,25484,-17756,43240,43204,10712,32492
2014-11-11 00:00:00,39385,-1983,41368,249767,12364,6348,6016,22535,-18497,41032,40380,5664,34716
2014-11-18 00:00:00,39560,745,38815,252081,11612,5303,6309,25347,-17655,43002,39237,3666,35571
2014-11-25 00:00:00,40499,8826,31673,204624,11471,5748,5723,20039,-23048,43087,38839,1004,37835
2014-12-02 00:00:00,38926,14428,24498,198388,10755,6322,4433,22002,-23284,45286,38169,-3227,41396
2014-12-09 00:00:00,39534,19950,19584,197326,11534,7515,4019,21042,-25913,46955,36467,-9245,45712
2014-12-16 00:00:00,38467,14985,23482,202850,12382,9494,2888,24538,-24922,49460,37088,-8040,45128
2014-12-23 00:00:00,38403,14912,23491,194998,11433,8244,3189,24237,-26032,50269,37499,-5545,43044
2014-12-30 00:00:00,38857,17051,21806,194574,12744,9624,3120,24279,-26776,51055,34867,-9300,44167
2015-01-06 00:00:00,40301,19620,20681,198317,12339,9016,3323,25404,-26839,52243,33705,-10112,43817
2015-01-13 00:00:00,43142,25567,17575,204159,14913,11276,3637,25004,-29751,54755,32232,-14211,46443
2015-01-20 00:00:00,46031,33624,12407,213115,14007,9909,4098,25840,-32852,58692,31510,-20712,52222
2015-01-27 00:00:00,49102,40164,8938,211261,16706,11971,4735,25267,-34751,60018,30635,-25625,56260
2015-02-03 00:00:00,47693,37774,9919,217635,16251,11603,4648,26066,-31977,58043,32004,-23295,55299
2015-02-10 00:00:00,47451,36986,10465,216549,13031,8417,4614,25861,-30877,56738,32318,-21534,53852
2015-02-17 00:00:00,46976,31529,15447,226319,12764,8459,4305,25818,-28478,54296,33940,-18414,52354
2015-02-24 00:00:00,44319,29281,15038,207996,13262,8449,4813,22917,-24424,47341,32020,-18496,50516
2015-03-03 00:00:00,40540,20620,19920,205293,15870,10743,5127,21210,-24535,45745,32022,-15707,47729
2015-03-10 00:00:00,42024,15572,26452,213018,15537,10066,5471,22626,-20370,42996,32695,-13067,45762
2015-03-17 00:00:00,43238,11639,31599,224088,17703,12161,5542,26615,-18057,44672,32947,-12081,45028
2015-03-24 00:00:00,45659,19248,26411,215908,15982,12361,3621,25247,-21495,46742,32339,-17558,49897
2015-03-31 00:00:00,49464,29865,19599,210090,13818,10903,2915,23122,-27525,50647,31898,-20167,52065
2015-04-07 00:00:00,46882,28932,17950,209918,14274,10761,3513,23154,-28122,51276,33291,-20086,53377
2015-04-14 00:00:00,43623,20527,23096,220588,15248,12016,3232,21353,-26133,47486,34064,-15847,49911
2015-04-21 00:00:00,40912,9061,31851,226327,17322,13380,3942,20856,-22827,43683,36940,-9311,46251
2015-04-28 00:00:00,43121,5530,37591,216310,18804,15643,3161,23118,-20970,44088,36283,-11486,47769
2015-05-05 00:00:00,44983,11162,33821,214135,18178,14958,3220,22996,-23017,46013,36489,-12890,49379
2015-05-12 00:00:00,45010,13530,31480,214091,17733,14081,3652,23742,-22990,46732,37075,-13607,50682
2015-05-19 00:00:00,53439,41032,12407,215725,12631,9337,3294,23156,-34157,57313,33499,-27506,61005
2015-05-26 00:00:00,52258,41555,10703,211741,12780,8892,3888,22469,-34603,57072,34790,-26179,60969
2015-06-02 00:00:00,48707,36500,12207,218424,13613,9507,4106,22783,-32551,55334,37470,-24180,61650
2015-06-09 00:00:00,46268,10394,35874,233460,19953,12743,7210,20421,-24133,44554,41981,-12638,54619
2015-06-16 00:00:00,47205,2255,44950,235652,20004,13427,6577,20242,-20697,40939,44708,-8521,53229
2015-06-23 00:00:00,48045,-5094,53139,244705,25766,20734,5032,20140,-23266,43406,44263,-6773,51036
2015-06-30 00:00:00,46263,-9138,55401,225812,26235,19122,7113,22814,-18722,41536,44659,-2769,47428
2015-07-07 00:00:00,47098,-10329,57427,232152,24400,17475,6925,22705,-14797,37502,45311,-260,45571
2015-07-14 00:00:00,45251,-7035,52286,220486,21365,16431,4934,21630,-16665,38295,43762,901,42861
2015-07-21 00:00:00,44022,-11515,55537,228979,23676,17241,6435,23821,-16311,40132,44039,3276,40763
2015-07-28 00:00:00,43783,-10447,54230,226324,24917,18152,6765,25206,-16123,41329,41674,1819,39855
2015-08-04 00:00:00,42766,-8326,51092,223435,25878,18718,7160,24589,-16503,41092,39430,714,38716
2015-08-11 00:00:00,44321,1477,42844,214347,22259,16157,6102,20773,-20492,41265,36910,-2634,39544
2015-08-18 00:00:00,43252,2245,41007,211505,18219,13692,4527,22953,-21786,44739,35662,-3651,39313
2015-08-25 00:00:00,41308,2946,38362,206797,19824,15458,4366,22632,-23829,46461,36031,-3087,39118
2015-09-01 00:00:00,39376,3830,35546,189477,17944,13190,4754,19107,-21545,40652,36578,-714,37292
2015-09-08 00:00:00,41418,7474,33944,188264,16034,10442,5592,22891,-20174,43065,31727,-4622,36349
2015-09-15 00:00:00,42214,2371,39843,192211,16595,10901,5694,20867,-19588,40455,32074,-820,32894
2015-09-22 00:00:00,42746,14515,28231,184440,15148,8387,6761,17805,-26113,43918,30269,-3284,33553
2015-09-29 00:00:00,42632,9076,33556,187479,15517,10800,4717,18161,-25477,43638,31737,-1585,33322
2015-10-06 00:00:00,47701,25293,22408,189055,16798,9969,6829,18158,-33815,51973,27945,-10228,38173
2015-10-13 00:00:00,54156,39170,14986,193964,15663,6890,8773,17499,-37427,54926,26122,-15597,41719
2015-10-20 00:00:00,58484,44890,13594,199965,15773,6275,9498,17823,-39603,57426,24740,-21084,45824
2015-10-27 00:00:00,62009,51585,10424,198192,16308,6317,9991,16728,-41951,58679,23093,-23036,46129
2015-11-03 00:00:00,58553,48099,10454,195630,15655,6977,8678,15963,-42308,58271,24012,-21506,45518
2015-11-10 00:00:00,52842,25934,26908,194564,16172,10068,6104,19591,-33675,53266,25839,-13759,39598
2015-11-17 00:00:00,51054,12174,38880,205127,17942,10460,7482,22213,-26167,48380,29060,-7020,36080
2015-11-24 00:00:00,51657,8862,42795,185795,17870,10011,7859,20857,-23314,44171,29922,-5088,35010
2015-12-01 00:00:00,53313,10447,42866,179448,18594,10758,7836,17451,-23528,40979,29868,-5863,35731
2015-12-08 00:00:00,51068,7941,43127,179726,18010,12142,5868,18326,-23672,41998,29076,-6446,35522
2015-12-15 00:00:00,49552,1635,47917,184398,20265,12633,7632,20539,-18475,39014,29036,-4133,33169
2015-12-22 00:00:00,48982,9339,39643,177460,18134,12992,5142,18066,-22889,40955,26934,-7554,34488
2015-12-29 00:00:00,48386,6282,42104,179819,19000,13592,5408,18289,-22713,41002,27356,-6594,33950
2016-01-05 00:00:00,48115,6918,41197,182490,20385,13641,6744,19268,-21498,40766,26934,-6604,33538
2016-01-12 00:00:00,49743,7872,41871,183072,20494,13580,6914,17353,-22511,39864,27118,-7440,34558
2016-01-19 00:00:00,48349,15578,32771,176946,18490,12302,6188,16523,-24414,40937,26108,-11218,37326
2016-01-26 00:00:00,49403,24172,25231,170134,17955,11894,6061,15318,-28322,43640,25725,-15826,41551
2016-02-02 00:00:00,50071,24130,25941,174157,19408,13318,6090,15692,-30045,45737,27098,-14768,41866
2016-02-09 00:00:00,56072,36642,19430,187348,19092,13439,5653,14352,-38311,52663,26790,-21390,48180
2016-02-16 00:00:00,57949,44815,13134,190411,19351,11992,7359,13724,-43941,57665,26570,-24744,51314
2016-02-23 00:00:00,59333,47637,11696,198104,20364,12133,8231,15350,-45998,61348,26397,-25964,52361
2016-03-01 00:00:00,56725,45241,11484,179620,20047,8879,11168,17165,-42183,59348,27966,-22093,50059
2016-03-08 00:00:00,57125,47539,9586,190949,20189,10433,9756,16947,-44735,61682,28853,-24518,53371
2016-03-15 00:00:00,56962,49145,7817,186097,17661,7876,9785,16067,-45065,61132,27698,-24360,52058
2016-03-22 00:00:00,61592,52409,9183,199143,18947,10338,8609,15705,-49459,65164,28104,-27509,55613
2016-03-29 00:00:00,58483,42915,15568,194255,19256,10987,8269,16368,-44136,60504,27850,-23947,51797
2016-04-05 00:00:00,59619,42240,17379,198756,18681,9196,9485,19316,-39104,58420,28306,-20527,48833
2016-04-12 00:00:00,68399,54885,13514,210170,18487,7860,10627,20282,-48990,69272,30257,-24420,54677
2016-04-19 00:00:00,75710,66313,9397,226176,18404,6004,12400,21366,-55283,76649,30874,-30461,61335
2016-04-26 00:00:00,79002,70220,8782,234280,20231,9093,11138,22200,-56725,78925,29027,-35681,64708
2016-05-03 00:00:00,79905,66992,12913,230244,19142,8669,10473,24461,-53583,78044,29831,-37262,67093
2016-05-10 00:00:00,85581,71656,13925,237078,20956,8620,12336,22482,-53809,76291,27891,-38402,66293
2016-05-17 00:00:00,83231,66982,16249,240123,21275,10132,11143,22813,-52962,75775,27856,-37331,65187
2016-05-24 00:00:00,76101,58874,17227,233995,19514,8261,11253,26157,-44925,71082,26524,-35375,61899
2016-05-31 00:00:00,70075,53671,16404,221264,19311,9190,10121,25453,-44395,69848,25789,-33600,59389
2016-06-07 00:00:00,67536,48896,18640,216070,18783,9560,9223,24476,-42537,67013,27530,-31589,59119
2016-06-14 00:00:00,76381,60935,15446,227489,20706,10193,10513,24411,-47286,71697,30090,-36692,66782
2016-06-21 00:00:00,86691,75155,11536,233666,19762,6955,12807,23385,-51664,75049,29792,-40837,70629
2016-06-28 00:00:00,87788,78057,9731,232748,20468,7760,12708,22873,-54566,77439,29912,-43399,73311
2016-07-05 00:00:00,90101,80522,9579,242878,21824,7040,14784,25067,-53755,78822,28817,-47624,76441
2016-07-12 00:00:00,92745,85343,7402,248166,21841,4792,17049,24910,-53213,78123,27200,-49858,77058
2016-07-19 00:00:00,98990,91383,7607,252086,22126,5744,16382,22304,-57449,79753,25858,-51999,77857
2016-07-26 00:00:00,104658,96581,8077,245633,20122,2220,17902,20216,-58609,78825,25326,-51794,77120
2016-08-02 00:00:00,104208,92541,11667,259649,21319,4241,17078,18922,-60714,79636,28769,-52423,81192
2016-08-09 00:00:00,103455,89132,14323,241689,20611,5423,15188,17663,-57998,75661,28092,-49572,77664
2016-08-16 00:00:00,101027,84102,16925,237176,20263,4699,15564,17247,-57182,74429,28427,-47711,76138
2016-08-23 00:00:00,98096,78992,19104,236831,21358,7777,13581,15501,-57129,72630,27280,-45062,72342
2016-08-30 00:00:00,94409,74158,20251,213927,21707,13166,8541,15106,-56113,71219,27154,-43002,70156
2016-09-06 00:00:00,101154,82210,18944,226878,19876,9930,9946,14830,-58892,73722,28141,-44921,73062
2016-09-13 00:00:00,95258,73181,22077,220570,20063,11595,8468,14803,-59059,73862,27174,-41301,68475
2016-09-20 00:00:00,95077,73473,21604,220278,20226,12492,7734,15216,-59088,74304,26928,-41528,68456
2016-09-27 00:00:00,97846,77894,19952,224215,20880,10053,10827,13942,-63394,77336,26806,-41125,67931
2016-10-04 00:00:00,89114,66419,22695,222837,23139,12181,10958,14850,-54897,69747,24329,-39642,63971
2016-10-11 00:00:00,72710,47692,25018,213588,25525,17845,7680,16278,-50363,66641,25771,-30779,56550
2016-10-18 00:00:00,69102,43172,25930,215459,25558,18824,6734,16138,-49156,65294,26246,-29307,55553
2016-10-25 00:00:00,66606,40679,25927,222653,26031,19193,6838,16442,-47834,64276,26529,-29186,55715
2016-11-01 00:00:00,67625,49060,18565,220888,23411,16388,7023,15618,-50026,65644,25623,-30541,56164
2016-11-08 00:00:00,72776,57514,15262,212306,18432,11457,6975,12931,-53943,66874,25042,-32339,57381
2016-11-15 00:00:00,64683,48607,16076,199357,23217,16790,6427,13494,-49977,63471,23515,-31912,55427
2016-11-22 00:00:00,58473,42846,15627,185304,23992,17646,6346,12578,-50962,63540,23070,-28535,51605
2016-11-29 00:00:00,57110,42841,14269,172916,22342,16376,5966,11989,-48903,60892,23875,-27411,51286
2016-12-06 00:00:00,56028,40625,15403,176146,25110,18637,6473,12477,-48605,61082,24413,-27864,52277
2016-12-13 00:00:00,59607,45980,13627,180788,27362,21123,6239,11275,-52617,63892,24504,-29330,53834
2016-12-20 00:00:00,59556,43359,16197,180884,23988,17565,6423,11743,-48613,60356,25054,-26187,51241
2016-12-27 00:00:00,58496,39098,19398,179624,26082,19689,6393,11190,-48551,59741,25475,-26076,51551
2017-01-03 00:00:00,61416,41999,19417,180740,25240,19086,6154,11512,-49480,60992,25432,-26810,52242
2017-01-10 00:00:00,64202,46169,18033,182082,23845,18104,5741,10598,-49057,59655,25605,-30230,55835
2017-01-17 00:00:00,66383,50752,15631,189926,23634,18017,5617,12177,-51396,63573,28254,-30217,58471
2017-01-24 00:00:00,70912,55109,15803,195310,20499,14798,5701,12270,-53746,66016,30478,-28988,59466
2017-01-31 00:00:00,76194,62964,13230,203688,20013,12281,7732,12968,-59108,72076,30199,-30340,60539
2017-02-07 00:00:00,76885,64392,12493,212440,20278,12780,7498,13532,-59802,73334,30445,-32771,63216
2017-02-14 00:00:00,82597,70746,11851,214400,20562,13118,7444,14021,-61647,75668,29578,-37310,66888
2017-02-21 00:00:00,87798,75475,12323,228042,19155,11307,7848,15099,-63266,78365,29533,-38469,68002
2017-02-28 00:00:00,94733,83854,10879,214558,19540,10982,8558,17045,-64994,82039,27646,-42776,70422
2017-03-07 00:00:00,94277,83366,10911,209717,19089,10374,8715,15040,-64883,79923,25612,-41656,67268
2017-03-14 00:00:00,80552,67836,12716,207399,21929,15395,6534,14441,-60697,75138,24720,-38347,63067
2017-03-21 00:00:00,78623,65072,13551,211364,21511,14646,6865,14596,-61018,75614,26486,-34002,60488
2017-03-28 00:00:00,92977,81601,11376,219093,19338,9850,9488,13947,-65975,79922,27310,-36942,64252
2017-04-04 00:00:00,107861,93683,14178,236784,18837,8786,10051,14276,-71468,85744,26834,-42476,69310
2017-04-11 00:00:00,114151,98845,15306,240137,18090,8157,9933,13068,-73165,86233,26735,-43305,70040
2017-04-18 00:00:00,110269,96545,13724,247423,18482,8917,9565,11573,-75251,86824,27336,-43692,71028
2017-04-25 00:00:00,99320,80201,19119,229629,21622,14227,7395,10655,-69571,80226,26905,-39907,66812
2017-05-02 00:00:00,78371,54599,23772,206378,23398,17213,6185,11683,-56365,68048,27141,-31670,58811
2017-05-09 00:00:00,68339,33542,34797,216680,26479,20519,5960,13374,-47577,60951,29836,-23515,53351
2017-05-16 00:00:00,69310,18298,51012,235305,30462,24776,5686,15019,-43046,58065,33413,-15584,48997
2017-05-23 00:00:00,68599,29686,38913,227086,27312,21098,6214,14965,-47127,62092,32501,-17256,49757
2017-05-30 00:00:00,70798,42034,28764,224617,24645,18405,6240,15239,-52664,67903,32063,-18456,50519
2017-06-06 00:00:00,78032,49818,28214,229983,22783,15493,7290,15606,-56709,72315,31551,-19288,50839
2017-06-13 00:00:00,77553,44172,33381,221413,24350,16089,8261,14794,-54478,69272,30906,-18279,49185
2017-06-20 00:00:00,68996,26780,42216,221734,25391,18872,6519,17358,-47175,64533,32541,-12000,44541
2017-06-27 00:00:00,64793,12427,52366,221162,28203,22673,5530,17593,-41944,59537,35062,-8582,43644
2017-07-03 00:00:00,59991,1854,58137,222201,30773,23710,7063,17852,-38994,56846,39626,-546,40172
2017-07-11 00:00:00,55373,-5402,60775,231044,33638,18383,15255,18451,-33571,52022,44647,8386,36261
2017-07-18 00:00:00,58435,-6455,64890,233563,30608,15085,15523,18042,-33299,51341,44449,10438,34011
2017-07-25 00:00:00,61773,8888,52885,231420,28081,10543,17538,17612,-37269,54881,42875,6519,36356
2017-08-01 00:00:00,66062,22881,43181,228711,25613,7165,18448,16915,-40564,57479,39026,272,38754
2017-08-08 00:00:00,66183,27371,38812,216874,24074,5274,18800,16628,-41349,57977,38355,1875,36480
2017-08-15 00:00:00,67461,36529,30932,212354,23185,1446,21739,14348,-47137,61485,37546,-1088,38634
2017-08-22 00:00:00,68264,43678,24586,212586,22295,185,22110,13071,-51221,64292,37139,-3968,41107
2017-08-29 00:00:00,70655,52428,18227,203513,21032,-123,21155,10485,-57268,67753,35246,-8303,43549
2017-09-05 00:00:00,73057,61531,11526,208863,21054,892,20162,10778,-63378,74156,34800,-13106,47906
2017-09-12 00:00:00,81329,75147,6182,213333,19015,-1195,20210,11002,-66250,77252,33440,-18849,52289
2017-09-19 00:00:00,78173,67341,10832,216503,20106,-271,20377,11272,-63282,74554,33775,-15756,49531
2017-09-26 00:00:00,69804,58537,11267,204363,20904,1072,19832,11908,-59631,71539,34964,-12672,47636
2017-10-03 00:00:00,68808,56304,12504,201415,21228,2277,18951,11246,-56487,67733,32988,-12316,45304
2017-10-10 00:00:00,70339,56427,13912,208832,20517,1923,18594,11620,-56680,68300,33101,-13869,46970
2017-10-17 00:00:00,73977,63507,10470,211894,19257,-579,19836,11780,-59758,71538,33089,-14898,47987
2017-10-24 00:00:00,75196,64855,10341,213656,18838,-821,19659,10473,-62397,72870,34088,-13853,47941
2017-10-31 00:00:00,73096,57786,15310,216413,21225,1235,19990,12777,-57983,70760,32801,-12602,45403
2017-11-07 00:00:00,77103,65461,11642,221197,21463,2159,19304,13400,-61404,74804,31164,-19737,50901
2017-11-14 00:00:00,78199,68016,10183,218312,18748,196,18552,13639,-62563,76202,31835,-17631,49466
2017-11-21 00:00:00,77119,64420,12699,217094,19751,1796,17955,15067,-62752,77819,31600,-16848,48448
2017-11-28 00:00:00,69912,56505,13407,196994,19824,1526,18298,14461,-57302,71763,32219,-15535,47754
2017-12-05 00:00:00,58140,22055,36085,208139,25755,8008,17747,16393,-42809,59202,38639,-3320,41959
2017-12-12 00:00:00,47896,-5425,53321,221480,27312,12915,14397,17980,-34353,52333,50430,10170,40260
2017-12-19 00:00:00,47169,-13976,61145,222746,28551,14640,13911,18652,-34159,52811,52263,16016,36247
2017-12-26 00:00:00,48558,-7105,55663,216083,24015,10649,13366,19072,-33852,52924,51480,13176,38304
2018-01-02 00:00:00,54753,16006,38747,210638,19993,6507,13486,18497,-41699,60196,47869,4258,43611
2018-01-09 00:00:00,66227,38061,28166,214266,17348,-182,17530,18704,-45809,64513,46218,-4376,50594
2018-01-16 00:00:00,59992,33015,26977,217193,18873,3412,15461,18689,-46102,64791,46011,-4334,50345
2018-01-23 00:00:00,53858,23621,30237,220555,21530,4690,16840,21311,-43063,64374,45768,1707,44061
2018-01-30 00:00:00,50036,26318,23718,217923,21519,5559,15960,18874,-48018,66892,45659,462,45197
2018-02-06 00:00:00,38708,3482,35226,226421,23858,12236,11622,24330,-38515,62845,45381,7574,37807
2018-02-13 00:00:00,37590,-7936,45526,215820,25432,15385,10047,23461,-38347,61808,46572,16424,30148
2018-02-20 00:00:00,36306,-10432,46738,225595,24782,13957,10825,25252,-38934,64186,48805,19948,28857
2018-02-27 00:00:00,36480,-16593,53073,209999,25004,14024,10980,23844,-36490,60334,49196,22126,27070
2018-03-06 00:00:00,41856,-10832,52688,215736,25480,15708,9772,21810,-37288,59098,44903,16165,28738
2018-03-13 00:00:00,38837,-16188,55025,218835,26126,17605,8521,21568,-35213,56781,45279,16611,28668
2018-03-20 00:00:00,33495,-35172,68667,235781,28736,21151,7585,26867,-25086,51953,47720,21767,25953
2018-03-27 00:00:00,32371,-33853,66224,236447,26559,18607,7952,25211,-27249,52460,47278,20703,26575
2018-04-03 00:00:00,33840,-39604,73444,250575,30154,21163,8991,27933,-24707,52640,48006,22738,25268
2018-04-10 00:00:00,34401,-36417,70818,248694,28531,19605,8926,27797,-21310,49107,47306,17731,29575
2018-04-17 00:00:00,40289,-14462,54751,237903,24045,12109,11936,27474,-25879,53353,47443,10216,37227
2018-04-24 00:00:00,46449,4697,41752,225058,18837,5609,13228,25745,-32209,57954,47215,1476,45739
2018-05-01 00:00:00,43359,-23329,66688,215894,23972,15171,8801,25333,-25617,50950,51670,13437,38233
2018-05-08 00:00:00,47739,-19406,67145,216701,23658,18220,5438,24944,-28055,52999,52188,11085,41103
2018-05-15 00:00:00,49473,-16052,65525,220221,22228,15728,6500,25754,-30933,56687,52253,12599,39654
2018-05-22 00:00:00,56439,-432,56871,219753,20736,14940,5796,26236,-37379,63615,50193,5653,44540
2018-05-29 00:00:00,59913,864,59049,228386,21191,14717,6474,24326,-40818,65144,52230,6234,45996
2018-06-05 00:00:00,63407,4295,59112,233889,20146,13468,6678,22127,-42650,64777,51849,5747,46102
2018-06-12 00:00:00,83917,40177,43740,255771,17118,8673,8445,19027,-53833,72860,46956,-13672,60628
2018-06-19 00:00:00,75128,28064,47064,245032,17639,11106,6533,19015,-46529,65544,47988,-11623,59611
2018-06-26 00:00:00,74361,22166,52195,238557,18447,11481,6966,17643,-42531,60174,50745,-7177,57922
2018-07-03 00:00:00,72798,10651,62147,229938,19612,13907,5705,18746,-38871,57617,50087,-1050,51137
2018-07-10 00:00:00,69075,8256,60819,232753,21080,15143,5937,18661,-38511,57172,49418,-1307,50725
2018-07-17 00:00:00,63420,-7869,71289,240689,23389,16164,7225,18217,-36045,54262,52829,9708,43121
2018-07-24 00:00:00,65582,-11343,76925,245971,21925,14372,7553,18485,-33389,51874,53802,12016,41786
2018-07-31 00:00:00,69833,-6678,76511,253061,20171,12645,7526,17488,-34689,52177,53442,9302,44140
2018-08-07 00:00:00,69479,-12525,82004,263610,24322,16851,7471,20843,-33228,54071,52688,9844,42844
2018-08-14 00:00:00,68804,-20187,88991,271488,24757,17249,7508,23547,-28689,52236,53652,14781,38871
2018-08-21 00:00:00,65415,-25373,90788,280745,25444,17893,7551,23370,-24199,47569,51182,15231,35951
2018-08-28 00:00:00,62314,-34529,96843,255709,24530,17616,6914,24450,-20907,45357,53048,21477,31571
2018-09-04 00:00:00,57827,-47480,105307,248296,25156,17321,7835,24913,-12803,37716,54403,26769,27634
2018-09-11 00:00:00,55621,-46281,101902,246406,25443,17958,7485,23137,-11916,35053,52716,23393,29323
2018-09-18 00:00:00,54704,-45057,99761,243400,24870,18308,6562,24415,-12600,37015,50227,20673,29554
2018-09-25 00:00:00,53274,-42409,95683,235267,25634,18252,7382,20639,-17138,37777,51887,21692,30195
2018-10-02 00:00:00,50918,-36317,87235,234028,24639,17879,6760,19184,-21975,41159,52700,20337,32363
2018-10-09 00:00:00,46679,-40265,86944,235417,24847,17307,7540,18498,-21834,40332,53274,24338,28936
2018-10-16 00:00:00,46288,-33154,79442,235905,25338,17707,7631,17141,-27101,44242,53381,21284,32097
2018-10-23 00:00:00,50957,-21209,72166,236140,23979,15557,8422,16614,-32540,49154,53161,18132,35029
2018-10-30 00:00:00,51290,-24577,75867,242956,25190,15834,9356,18543,-32000,50543,53020,20975,32045
2018-11-06 00:00:00,48011,-20334,68345,247676,24911,17546,7365,19215,-35405,54620,46760,14783,31977
2018-11-13 00:00:00,45303,-38846,84149,262305,29704,21428,8276,20177,-24510,44687,45121,18138,26983
2018-11-20 00:00:00,42457,-32512,74969,266168,28167,21221,6946,19384,-19880,39264,45835,11902,33933
2018-11-27 00:00:00,39931,-31849,71780,233955,26092,18836,7256,17175,-21642,38817,47559,13122,34437
2018-12-04 00:00:00,41121,-22177,63298,214813,26584,20232,6352,15181,-24364,39545,46548,9528,37020
2018-12-11 00:00:00,44456,-8968,53424,209886,24680,18811,5869,15112,-28585,43697,45232,1479,43753
2018-12-18 00:00:00,48147,1912,46235,209312,24100,16811,7289,14070,-31212,45282,43634,-3822,47456
2018-12-24 00:00:00,52721,8576,44145,212016,22846,16262,6584,13645,-32459,46104,42755,-7483,50238
2018-12-31 00:00:00,60665,30341,30324,214575,21973,15232,6741,13018,-40030,53048,40484,-18833,59317
2019-01-08 00:00:00,67836,42808,25028,227999,19311,12567,6744,8016,-44828,52844,50802,-25305,76107
2019-01-15 00:00:00,65408,39349,26059,233109,20310,13882,6428,9256,-46004,55260,51535,-26851,78386
2019-01-22 00:00:00,62875,35561,27314,227247,20144,13674,6470,9109,-42787,51896,51537,-23526,75063
2019-01-29 00:00:00,66650,40649,26001,233416,19817,14272,5545,9531,-46079,55610,51645,-27649,79294
2019-02-05 00:00:00,74517,48706,25811,247628,15579,8869,6710,11386,-48180,59566,51577,-30964,82541
2019-02-12 00:00:00,72656,43070,29586,256779,17396,11071,6325,16316,-47897,64213,52153,-29041,81194
2019-02-19 00:00:00,70462,39384,31078,263313,19041,11948,7093,19227,-46343,65570,47756,-29367,77123
2019-02-26 00:00:00,73249,48313,24936,235837,16995,9640,7355,13635,-48002,61637,47014,-30245,77259
2019-03-05 00:00:00,55164,18141,37023,221471,20130,13188,6942,13333,-40900,54233,48072,-11301,59373
2019-03-12 00:00:00,51427,9633,41794,221854,23352,16458,6894,15080,-35936,51016,47193,-10226,57419
2019-03-19 00:00:00,52256,9994,42262,221570,20941,12078,8863,17091,-33392,50483,48556,-10051,58607
2019-03-26 00:00:00,52518,12261,40257,220696,23596,14364,9232,17411,-34719,52130,48476,-12502,60978
2019-04-02 00:00:00,52251,-1779,54030,229934,25515,17299,8216,18679,-29951,48630,48535,-3968,52503
2019-04-09 00:00:00,49629,-2473,52102,240219,25329,17789,7540,21541,-32487,54028,48409,-5131,53540
2019-04-16 00:00:00,50324,-10838,61162,257624,23721,14633,9088,28275,-27525,55800,48594,5047,43547
2019-04-23 00:00:00,49862,-17870,67732,253990,23792,14798,8994,29907,-26486,56393,50850,8718,42132
2019-04-30 00:00:00,52150,-14254,66404,223856,23427,14421,9006,22005,-24348,46353,50374,4510,45864
2019-05-07 00:00:00,55829,-14893,70722,227685,19719,11788,7931,25735,-18766,44501,49401,3800,45601
2019-05-14 00:00:00,56775,-14946,71721,232018,18586,9651,8935,28030,-20509,48539,50140,10186,39954
2019-05-21 00:00:00,51874,-30860,82734,243322,19395,10746,8649,30558,-18021,48579,53477,17359,36118
2019-05-28 00:00:00,49327,-39042,88369,244631,21406,13026,8380,31507,-17084,48591,55122,20849,34273
2019-06-04 00:00:00,56824,-19931,76755,246942,18020,9941,8079,27677,-24854,52531,50834,13508,37326
2019-06-11 00:00:00,65103,-8545,73648,259262,17561,8965,8596,28414,-29311,57725,50923,5676,45247
2019-06-18 00:00:00,73343,4748,68595,275681,18630,8941,9689,28614,-31538,60152,50893,-2625,53518
2019-06-25 00:00:00,80107,23472,56635,261136,16596,6245,10351,24094,-40681,64775,51679,-12464,64143
2019-07-02 00:00:00,81417,21762,59655,254300,16659,6795,9864,18792,-39858,58650,52510,-11134,63644
2019-07-09 00:00:00,76443,15467,60976,251401,17461,7525,9936,18927,-34852,53779,52492,-9019,61511
2019-07-16 00:00:00,79359,28096,51263,269406,21397,9930,11467,18048,-46915,64963,52586,-13539,66125
2019-07-23 00:00:00,92638,54161,38477,293748,18818,5875,12943,11686,-59975,71661,53206,-21572,74778
2019-07-30 00:00:00,97311,65327,31984,288014,16929,3146,13783,12802,-63833,76635,53163,-24910,78073
2019-08-06 00:00:00,91497,49538,41959,290170,17840,4749,13091,13776,-60757,74533,54713,-19922,74635
2019-08-13 00:00:00,81359,37766,43593,297079,19794,8231,11563,21157,-56305,77462,54680,-16453,71133
2019-08-20 00:00:00,81115,47967,33148,303226,17340,5461,11879,20705,-58035,78740,53942,-20321,74263
2019-08-27 00:00:00,86450,58093,28357,302403,21036,7906,13130,21143,-63666,84809,55391,-24568,79959
2019-09-03 00:00:00,87867,63466,24401,300392,21022,7598,13424,16227,-69119,85346,55671,-24486,80157
2019-09-10 00:00:00,84388,61561,22827,286829,18230,5737,12493,16207,-70490,86697,53500,-22049,75549
2019-09-17 00:00:00,78048,54516,23532,283105,18340,8434,9906,18614,-66669,85283,53769,-18545,72314
2019-09-24 00:00:00,77012,50634,26378,289276,19904,9054,10850,18989,-67583,86572,53877,-17787,71664
2019-10-01 00:00:00,73224,45264,27960,266113,16199,6696,9503,19646,-63757,83403,52900,-13587,66487
2019-10-08 00:00:00,73744,47492,26252,269712,17087,7144,9943,19258,-64999,84257,53325,-16798,70123
2019-10-15 00:00:00,69982,41759,28223,264435,15487,4912,10575,19117,-61812,80929,54107,-12347,66454
2019-10-22 00:00:00,74050,44110,29940,266986,15861,5667,10194,20068,-62405,82473,53707,-13512,67219
2019-10-29 00:00:00,78286,49355,28931,269194,17544,8624,8920,18334,-54069,72403,53476,-18932,72408
2019-11-05 00:00:00,79238,42502,36736,274558,18139,9124,9015,17378,-53322,70700,54234,-26082,80316
2019-11-12 00:00:00,73030,32624,40406,270032,15250,5722,9528,22756,-47463,70219,54807,-16498,71305
2019-11-19 00:00:00,74006,40716,33290,268541,15180,6224,8956,20304,-45574,65878,54612,-24257,78869
2019-11-26 00:00:00,76311,48899,27412,235619,14793,4449,10344,12161,-48273,60434,53418,-27158,80576
2019-12-03 00:00:00,73746,44942,28804,234417,15238,6026,9212,12185,-49466,61651,53111,-26223,79334
2019-12-10 00:00:00,64664,29957,34707,233676,18961,9613,9348,12882,-45114,57996,53595,-17659,71254
2019-12-17 00:00:00,68347,36574,31773,237541,18678,9437,9241,12700,-48332,61032,54016,-23670,77686
2019-12-24 00:00:00,82462,54570,27892,260191,19427,10677,8750,12554,-52814,65368,55033,-36118,91151
2019-12-31 00:00:00,86478,60365,26113,262951,20920,11658,9262,7781,-60426,68207,55335,-39437,94772
2020-01-07 00:00:00,88761,58788,29973,273133,21640,10953,10687,8722,-59396,68118,56277,-35237,91514
2020-01-14 00:00:00,91531,58440,33091,270359,19922,10183,9739,8859,-59658,68517,53777,-34604,88381
2020-01-21 00:00:00,88870,58066,30804,270106,19954,12094,7860,9040,-61139,70179,53121,-35112,88233
2020-01-28 00:00:00,83220,48962,34258,262732,21300,14204,7096,10103,-59478,69581,53085,-30388,83473
2020-02-04 00:00:00,79510,56840,22670,258764,17483,11611,5872,10913,-59641,70554,53333,-33090,86423
2020-02-11 00:00:00,78741,56011,22730,255507,17376,11797,5579,11576,-59292,70868,52494,-34222,86716
2020-02-18 00:00:00,91309,68443,22866,277951,18874,12203,6671,12650,-64477,77127,51626,-40031,91657
2020-02-25 00:00:00,87967,62850,25117,271189,19689,12069,7620,12347,-63821,76168,51682,-36526,88208
2020-03-03 00:00:00,59262,30953,28309,236186,20014,14720,5294,9603,-56815,66418,53249,-9928,63177
2020-03-10 00:00:00,53721,28661,25060,229521,19359,14814,4545,11467,-50620,62087,54355,-8519,62874
2020-03-17 00:00:00,37147,22960,14187,234263,16910,12839,4071,13600,-48291,61891,52735,-910,53645
2020-03-24 00:00:00,30134,14925,15209,221086,16667,13493,3174,13421,-42127,55548,49152,1584,47568
2020-03-31 00:00:00,30259,17718,12541,191043,14811,10652,4159,11610,-40763,52373,50510,1141,49369
2020-04-07 00:00:00,29938,16002,13936,191261,15103,11568,3535,11924,-41964,53888,49569,82,49487
2020-04-14 00:00:00,29388,14789,14599,197471,16745,13660,3085,14334,-41787,56121,49639,-512,50151
2020-04-21 00:00:00,28968,13515,15453,192775,14460,11628,2832,15509,-37170,52679,49387,412,48975
2020-04-28 00:00:00,30669,14189,16480,176436,13664,10622,3042,12852,-36458,49310,47892,-424,48316
2020-05-05 00:00:00,28059,10127,17932,171230,14614,11444,3170,13762,-34893,48655,47252,1570,45682
2020-05-12 00:00:00,28918,13669,15249,175184,14780,10714,4066,12455,-38050,50505,47334,-1950,49284
2020-05-19 00:00:00,37177,21117,16060,203613,17361,10069,7292,14175,-42020,56195,50786,-4025,54811
2020-05-26 00:00:00,41006,26570,14436,196716,19619,9785,9834,13037,-43605,56642,49817,-7287,57104
2020-06-02 00:00:00,43892,27173,16719,212267,20608,9669,10939,13920,-46336,60256,50637,-8438,59075
2020-06-09 00:00:00,44591,23610,20981,215910,20298,9180,11118,14549,-43713,58262,50304,-7073,57377
2020-06-16 00:00:00,47555,27573,19982,215897,18011,8511,9500,15594,-45563,61157,51058,-4052,55110
2020-06-23 00:00:00,51609,29173,22436,226475,19328,8076,11252,14742,-47601,62343,51894,-3500,55394
2020-06-30 00:00:00,60594,35731,24863,202582,18084,1915,16169,8510,-42830,51340,46588,-8049,54637
2020-07-07 00:00:00,62762,36405,26357,203565,17482,838,16644,8421,-41829,50250,44020,-10830,54850
2020-07-14 00:00:00,66403,43021,23382,218608,19234,327,18907,7862,-48017,55879,44043,-12054,56097
2020-07-21 00:00:00,71299,47647,23652,241975,19803,-513,20316,10444,-48431,58875,43018,-14038,57056
2020-07-28 00:00:00,58138,32162,25976,239166,19356,-642,19998,12354,-43402,55756,45534,-8896,54430
2020-08-04 00:00:00,58065,31539,26526,267497,20570,3302,17268,14396,-47659,62055,45837,-8661,54498
2020-08-11 00:00:00,50690,22949,27741,264548,18788,5723,13065,14229,-43459,57688,44610,-7696,52306
2020-08-18 00:00:00,58141,31615,26526,268440,15858,1206,14652,13239,-45930,59169,44693,-4792,49485
2020-08-25 00:00:00,61286,37578,23708,256408,14984,-483,15467,11793,-49003,60796,41829,-4764,46593
2020-09-01 00:00:00,61996,37713,24283,219622,17391,391,17000,11728,-51193,62921,41257,-6786,48043
2020-09-08 00:00:00,59874,35742,24132,209269,15540,2296,13244,11799,-49709,61508,41131,-5226,46357
2020-09-15 00:00:00,63338,39287,24051,213298,16185,3453,12732,11036,-53184,64220,39466,-8702,48168
2020-09-22 00:00:00,60969,35583,25386,207152,15073,5387,9686,11773,-49204,60977,38943,-7419,46362
2020-09-29 00:00:00,59582,35772,23810,198138,17193,7863,9330,10725,-50178,60903,39200,-7199,46399
2020-10-06 00:00:00,60203,35628,24575,196557,17058,8275,8783,11443,-49455,60898,37505,-10615,48120
2020-10-13 00:00:00,60324,34472,25852,201615,17965,8375,9590,11245,-50052,61297,37896,-10462,48358
2020-10-20 00:00:00,61927,40065,21862,202338,16125,6528,9597,10417,-51774,62191,38265,-11064,49329
2020-10-27 00:00:00,63021,41773,21248,197981,15116,5431,9685,10619,-51637,62256,38527,-11403,49930
2020-11-03 00:00:00,59854,41447,18407,193065,14064,6867,7197,9918,-50059,59977,36845,-13534,50379
2020-11-10 00:00:00,59682,41406,18276,196457,14245,7347,6898,10970,-50132,61102,35710,-13643,49353
2020-11-17 00:00:00,64026,43921,20105,201224,12992,4651,8341,11803,-50346,62149,34718,-15693,50411
2020-11-24 00:00:00,63245,42087,21158,182803,12549,4633,7916,9334,-49640,58974,33055,-12079,45134
2020-12-01 00:00:00,65116,43473,21643,176662,13215,5706,7509,9516,-53084,62600,32041,-10914,42955
2020-12-08 00:00:00,66854,43667,23187,180263,13860,5968,7892,8755,-53843,62598,30285,-15160,45445
2020-12-15 00:00:00,67644,44187,23457,183576,14586,6681,7905,8943,-53707,62650,29839,-17414,47253
2020-12-21 00:00:00,72763,48680,24083,202742,19353,9782,9571,9337,-57698,67035,30543,-21541,52084
2020-12-29 00:00:00,73525,47453,26072,195771,17137,8585,8552,8906,-55959,64865,29751,-22262,52013
2021-01-05 00:00:00,74887,47633,27254,207653,17507,8753,8754,8591,-56537,65128,30247,-23099,53346
2021-01-12 00:00:00,71199,43395,27804,198448,17329,9959,7370,8680,-51645,60325,31292,-20158,51450
2021-01-19 00:00:00,67125,41495,25630,193687,17358,10727,6631,8210,-50820,59030,30564,-20873,51437
2021-01-26 00:00:00,67430,44320,23110,190750,17617,10242,7375,8354,-52750,61104,30448,-21642,52090
2021-02-02 00:00:00,62830,40615,22215,215675,18350,11223,7127,9505,-55603,65108,30672,-19818,50490
2021-02-09 00:00:00,63248,39691,23557,214070,17714,10774,6940,10554,-56791,67345,31476,-17896,49372
2021-02-16 00:00:00,64845,40990,23855,218166,17085,9456,7629,11783,-55726,67509,31209,-17356,48565
2021-02-23 00:00:00,63771,39421,24350,198143,16373,9561,6812,9770,-55900,65670,30043,-16893,46936
2021-03-02 00:00:00,60186,31506,28680,184214,15277,8582,6695,9948,-51358,61306,32852,-9425,42277
2021-03-09 00:00:00,56574,27677,28897,180166,15355,8717,6638,10038,-49394,59432,34732,-7095,41827
2021-03-16 00:00:00,56520,25913,30607,183447,14516,7969,6547,10076,-48006,58082,36036,-6029,42065
2021-03-23 00:00:00,55440,22895,32545,183571,14740,7815,6925,9985,-46825,56810,37512,-3543,41055
2021-03-30 00:00:00,52585,21236,31349,173458,14308,7378,6930,10267,-42717,52984,37181,-2748,39929
2021-04-06 00:00:00,54474,24884,29590,173978,13310,7482,5828,10452,-45018,55470,37111,-6269,43380
2021-04-13 00:00:00,56393,28885,27508,182328,13155,7191,5964,10756,-47003,57759,35927,-8832,44759
2021-04-20 00:00:00,62350,34405,27945,189836,12991,6791,6200,11339,-49027,60366,34454,-12505,46959
2021-04-27 00:00:00,65422,37328,28094,189791,12261,6258,6003,10347,-51298,61645,34576,-14183,48759
2021-05-04 00:00:00,67535,43426,24109,187620,12604,5162,7442,10079,-52982,63061,34441,-17466,51907
2021-05-11 00:00:00,74264,47823,26441,204913,13480,6014,7466,10775,-54662,65437,34404,-21211,55615
2021-05-18 00:00:00,74954,46529,28425,212335,13756,5811,7945,10813,-54012,64825,33385,-23225,56610
2021-05-25 00:00:00,73718,45294,28424,207190,14218,6481,7737,11106,-53551,64657,34954,-21319,56273
2021-06-01 00:00:00,71426,42529,28897,210212,14977,6416,8561,11331,-53519,64850,35344,-20747,56091
2021-06-08 00:00:00,69399,44384,25015,211390,15016,6411,8605,12223,-51784,64007,35455,-20712,56167
2021-06-15 00:00:00,74373,46557,27816,221103,15736,6752,8984,13593,-50666,64259,36032,-22864,58896
2021-06-22 00:00:00,57154,29882,27272,200308,15450,7813,7637,12505,-43947,56452,36125,-12729,48854
2021-06-29 00:00:00,57315,33142,24173,174272,14444,7413,7031,6858,-44461,51319,36091,-12804,48895
2021-07-06 00:00:00,61193,35557,25636,175042,15515,8151,7364,5636,-48786,54422,35547,-14750,50297
2021-07-13 00:00:00,59894,34678,25216,172466,14020,8073,5947,5833,-46828,52661,35540,-14232,49772
2021-07-20 00:00:00,53451,26247,27204,171436,14723,8594,6129,6794,-42659,49453,36308,-8463,44771
2021-07-27 00:00:00,51211,21189,30022,167589,14595,8371,6224,6664,-40232,46896,37604,-6050,43654
2021-08-03 00:00:00,51264,25898,25366,162681,14403,9218,5185,5776,-41600,47376,34720,-10591,45311
2021-08-10 00:00:00,46821,11904,34917,174562,15481,9972,5509,6816,-35732,42548,38225,-2669,40894
2021-08-17 00:00:00,48240,9758,38482,174235,13043,8808,4235,7227,-34246,41473,38996,408,38588
2021-08-24 00:00:00,47636,10176,37460,171154,13651,9101,4550,6789,-35015,41804,37702,616,37086
2021-08-31 00:00:00,49040,12425,36615,156779,13130,9117,4013,6245,-34336,40581,36871,-3760,40631
2021-09-07 00:00:00,49372,17912,31460,156487,14460,10092,4368,6078,-35568,41646,35341,-8166,43507
2021-09-14 00:00:00,48471,14078,34393,157262,15480,11401,4079,6075,-35000,41075,36476,-4924,41400
2021-09-21 00:00:00,47930,900,47030,165412,17215,12180,5035,6796,-30322,37118,38396,3703,34693
2021-09-28 00:00:00,47410,3518,43892,157641,16112,11745,4367,6415,-30570,36985,36575,2694,33881
2021-10-05 00:00:00,47418,4630,42788,157387,15329,10106,5223,6589,-30275,36864,35649,3346,32303
2021-10-12 00:00:00,47326,4972,42354,157428,14764,11219,3545,6178,-31379,37557,35160,2121,33039
2021-10-19 00:00:00,50092,19608,30484,164503,16682,10553,6129,4983,-38065,43048,33685,-7188,40873
2021-10-26 00:00:00,52645,29180,23465,159340,14423,8631,5792,4359,-41725,46084,31964,-11222,43186
2021-11-02 00:00:00,50340,23941,26399,159275,13925,9099,4826,4566,-40571,45137,33956,-9317,43273
2021-11-09 00:00:00,51005,27469,23536,165209,14417,10043,4374,4115,-43699,47814,32687,-11729,44416
2021-11-16 00:00:00,59839,35870,23969,177157,14717,10866,3851,3802,-45639,49441,26566,-22844,49410
2021-11-23 00:00:00,54843,29887,24956,164119,14382,11135,3247,5001,-44012,49013,26530,-14897,41427
2021-11-30 00:00:00,48962,27578,21384,152592,13875,11063,2812,4758,-39779,44537,27248,-13384,40632
2021-12-07 00:00:00,47606,17860,29746,151536,15121,11939,3182,5446,-38070,43516,32678,-6019,38697
2021-12-14 00:00:00,47896,9569,38327,157433,15576,12202,3374,7493,-34552,42045,34699,-1842,36541
2021-12-21 00:00:00,48902,11103,37799,157178,12989,9909,3080,7558,-33759,41317,33443,-3625,37068
2021-12-28 00:00:00,50747,17699,33048,153770,12913,8803,4110,7084,-35624,42708,32605,-7124,39729
2022-01-04 00:00:00,51753,21909,29844,153194,12994,8872,4122,6674,-36965,43639,32218,-7590,39808
2022-01-11 00:00:00,50466,17890,32576,159030,15190,8990,6200,6990,-36765,43755,38304,-654,38958
2022-01-18 00:00:00,53228,23827,29401,164474,12976,5740,7236,6707,-41716,48423,41251,-396,41647
2022-01-25 00:00:00,51757,27440,24317,171234,12602,4834,7768,6627,-43351,49978,40163,-5401,45564
2022-02-01 00:00:00,45872,11573,34299,164883,14405,10006,4399,8328,-37126,45454,41740,1713,40027
2022-02-08 00:00:00,43311,10139,33172,164000,13563,9044,4519,7972,-36068,44040,42598,2748,39850
2022-02-15 00:00:00,44416,17645,26771,174468,12786,5973,6813,7469,-37025,44494,41177,-227,41404
2022-02-22 00:00:00,47215,26090,21125,183956,12930,5702,7228,6351,-41318,47669,41111,-4664,45775
2022-03-01 00:00:00,59956,42723,17233,177613,12587,4003,8584,4934,-46126,51060,40348,-13478,53826
2022-03-08 00:00:00,64784,49248,15536,196590,13825,4786,9039,6422,-50524,56946,37829,-21857,59686
2022-03-15 00:00:00,62535,48467,14068,183486,12698,4160,8538,5030,-45466,50496,35608,-24020,59628
2022-03-22 00:00:00,57904,44242,13662,177982,12167,4756,7411,4788,-44870,49658,34865,-21667,56532
2022-03-29 00:00:00,54575,42429,12146,165451,11825,5841,5984,4898,-42262,47160,34908,-19863,54771
2022-04-05 00:00:00,52581,39321,13260,165833,12794,5765,7029,5380,-40071,45451,33848,-20773,54621
2022-04-12 00:00:00,55398,42817,12581,179538,12000,3531,8469,5534,-42699,48233,33427,-22416,55843
2022-04-19 00:00:00,57673,41282,16391,189675,12149,5319,6830,4666,-43099,47765,34631,-21336,55967
2022-04-26 00:00:00,44706,26534,18172,160435,11487,7929,3558,5293,-38616,43909,39135,-9884,49019
2022-05-03 00:00:00,40664,15261,25403,156021,14941,10943,3998,5426,-33854,39280,43686,-4552,48238
2022-05-10 00:00:00,39860,1704,38156,166133,17635,13951,3684,7045,-29465,36510,46931,1393,45538
2022-05-17 00:00:00,41225,670,40555,168504,17016,12815,4201,8200,-28504,36704,47154,5359,41795
2022-05-24 00:00:00,41831,-541,42372,170599,15265,12060,3205,8723,-28157,36880,48437,6576,41861
2022-05-31 00:00:00,41130,3197,37933,166187,14269,10069,4200,7797,-30080,37877,47869,6249,41620
2022-06-07 00:00:00,41214,7620,33594,168914,13915,9410,4505,7555,-32292,39847,45750,4039,41711
2022-06-14 00:00:00,40973,1802,39171,174439,15458,10821,4637,9326,-28191,37517,48445,6913,41532
2022-06-21 00:00:00,39816,7809,32007,167369,14181,9978,4203,6375,-30606,36981,44568,3368,41200
2022-06-28 00:00:00,39146,993,38153,150547,13288,8864,4424,7438,-24320,31758,46180,6394,39786
2022-07-05 00:00:00,37702,-8309,46011,158141,15808,11590,4218,9399,-18808,28207,46901,8558,38343
2022-07-12 00:00:00,37514,-9942,47456,161144,15698,11187,4511,9920,-18489,28409,47230,10373,36857
2022-07-19 00:00:00,36890,-13489,50379,165200,17587,12812,4775,9963,-18204,28167,47115,11544,35571
2022-07-26 00:00:00,36993,-17493,54486,162870,16785,11713,5072,10826,-17025,27851,48836,15014,33822
2022-08-02 00:00:00,33356,-8396,41752,154698,15639,8916,6723,7558,-20181,27739,45994,10772,35222
2022-08-09 00:00:00,32717,-6229,38946,160670,15661,8879,6782,7398,-22813,30211,44202,8551,35651
2022-08-16 00:00:00,32070,-5766,37836,163698,15444,9077,6367,8772,-22598,31370,45146,9690,35456
2022-08-23 00:00:00,31830,-15634,47464,163761,16167,10364,5803,10196,-19379,29575,48769,15059,33710
2022-08-30 00:00:00,31020,-21059,52079,153162,18075,12157,5918,8495,-17667,26162,49864,17768,32096
2022-09-06 00:00:00,33913,-24632,58545,155580,17271,11821,5450,8535,-16954,25489,46928,21264,25664
2022-09-13 00:00:00,38931,-7459,46390,157138,14994,3677,11317,6447,-20970,27417,45277,16918,28359
2022-09-20 00:00:00,37007,-7095,44102,155186,15394,5777,9617,5497,-23591,29088,45101,16797,28304
2022-09-27 00:00:00,34534,-8087,42621,146871,15027,7919,7108,4863,-23530,28393,44508,17028,27480
2022-10-04 00:00:00,38424,7159,31265,156472,14116,2458,11658,4575,-28614,33189,43034,9610,33424
2022-10-11 00:00:00,34013,1123,32890,150971,14120,5914,8206,5042,-26996,32038,42983,10886,32097
2022-10-18 00:00:00,36457,-7599,44056,160998,14268,7657,6611,7968,-21209,29177,43634,12531,31103
2022-10-25 00:00:00,36701,-6062,42763,166762,13961,5630,8331,6723,-23316,30039,44589,13901,30688
2022-11-01 00:00:00,37660,-3468,41128,162811,13697,4885,8812,5975,-25856,31831,43627,14716,28911
2022-11-08 00:00:00,41047,12493,28554,176248,13845,1802,12043,6392,-31507,37899,39716,7229,32487
2022-11-15 00:00:00,39240,15894,23346,176174,13727,2911,10816,5015,-31997,37012,39368,767,38601
2022-11-22 00:00:00,37984,12626,25358,147153,12525,4222,8303,3949,-32937,36886,39931,4642,35289
2022-11-29 00:00:00,37472,14695,22777,141325,11049,2997,8052,4091,-32550,36641,39765,2744,37021
2022-12-06 00:00:00,38014,14657,23357,147259,11674,5468,6206,4782,-32749,37531,38329,-1108,39437
2022-12-13 00:00:00,42248,22034,20214,157749,11719,3968,7751,6606,-36196,42802,36912,-3075,39987
2022-12-20 00:00:00,46793,29995,16798,163315,11299,2733,8566,6675,-37452,44127,36533,-6105,42638
2022-12-27 00:00:00,45725,30187,15538,153052,12073,2776,9297,6562,-37660,44222,37004,-7595,44599
2023-01-03 00:00:00,47720,29385,18335,157149,12013,3364,8649,6663,-37522,44185,37161,-8848,46009
2023-01-10 00:00:00,45521,24610,20911,155260,12857,6023,6834,6467,-34624,41091,35564,-10262,45826
2023-01-17 00:00:00,47033,28042,18991,161155,12744,5808,6936,6975,-37104,44079,34865,-10863,45728
2023-01-24 00:00:00,44135,20923,23212,163290,13069,6596,6473,6279,-35433,41712,40592,-6525,47117
2023-01-31 00:00:00,45118,24846,20272,164319,11304,4893,6411,6744,-36038,42782,39609,-7459,47068
2023-02-07 00:00:00,34944,6064,28880,159869,12721,7037,5684,6475,-30131,36606,41760,252,41508
2023-02-14 00:00:00,33925,5524,28401,157876,11900,5813,6087,5848,-29611,35459,41588,2969,38619
2023-02-21 00:00:00,33111,5564,27547,150612,11843,4636,7207,3277,-27957,31234,41741,3816,37925
2023-02-28 00:00:00,30648,-7093,37741,142562,12873,5805,7068,3423,-22923,26346,43884,10218,33666
2023-03-07 00:00:00,27565,-18205,45770,149186,13863,7973,5890,5021,-19841,24862,46840,15477,31363
2023-03-14 00:00:00,32134,-3762,35896,148290,11608,3410,8198,2908,-24115,27023,44621,13220,31401
2023-03-21 00:00:00,31234,886,30348,147455,10924,3732,7192,3817,-24731,28548,43600,10177,33423
2023-03-28 00:00:00,32318,10832,21486,142125,10882,3905,6977,4561,-26658,31219,39204,2975,36229
2023-04-04 00:00:00,39434,19493,19941,167721,13374,4370,9004,6927,-29467,36394,35766,-4968,40734
2023-04-11 00:00:00,44030,19231,24799,179554,13781,6199,7582,6665,-30147,36812,36370,-8436,44806
2023-04-18 00:00:00,50490,21753,28737,198253,14605,7244,7361,6776,-30600,37376,36916,-10676,47592
2023-04-25 00:00:00,54333,25167,29166,177176,13520,6722,6798,4331,-31013,35344,36950,-12024,48974
2023-05-02 00:00:00,56195,27131,29064,173948,14530,6957,7573,4204,-32317,36521,35009,-15132,50141
2023-05-09 00:00:00,57862,27169,30693,179369,14468,7212,7256,4447,-31678,36125,35124,-16627,51751
2023-05-16 00:00:00,45779,13443,32336,172607,14258,9145,5113,3898,-28195,32093,39448,-8553,48001
2023-05-23 00:00:00,43901,13177,30724,168944,12334,7191,5143,4095,-26344,30439,38681,-8125,46806
2023-05-30 00:00:00,40262,10278,29984,160119,13253,8429,4824,3318,-26094,29412,38891,-6724,45615
2023-06-06 00:00:00,38687,11500,27187,165679,12822,7453,5369,4825,-24792,29617,38702,-7288,45990
2023-06-13 00:00:00,40237,14637,25600,182439,12470,5830,6640,5746,-26090,31836,37620,-9610,47230
2023-06-20 00:00:00,38344,11301,27043,180652,11168,4728,6440,5936,-26437,32373,38320,-6289,44609
2023-06-27 00:00:00,33921,11635,22286,143600,10356,4841,5515,3912,-26610,30522,38281,-585,38866
2023-07-03 00:00:00,33453,10383,23070,134719,11367,4949,6418,2305,-27999,30304,36453,485,35968
2023-07-11 00:00:00,32413,6448,25965,143015,17127,11346,5781,2439,-29548,31987,36299,-132,36431
2023-07-18 00:00:00,54785,30515,24270,178445,22296,13330,8966,3240,-38188,41428,33817,-17658,51475
2023-07-25 00:00:00,48795,20718,28077,177664,23967,16107,7860,3691,-33881,37572,34446,-15792,50238
2023-08-01 00:00:00,45066,13231,31835,168393,23266,17047,6219,3455,-31423,34878,35339,-12579,47918
2023-08-08 00:00:00,31888,-3753,35641,162552,19287,14202,5085,3437,-29790,33227,36485,1382,35103
2023-08-15 00:00:00,31552,-6688,38240,164348,16380,11739,4641,5163,-28118,33281,37090,6844,30246
2023-08-22 00:00:00,36710,1479,35231,164520,15142,9942,5200,5807,-28744,34551,35805,5807,29998
2023-08-29 00:00:00,44326,17479,26847,158360,17975,10299,7676,4684,-32346,37030,33466,-4283,37749
2023-09-05 00:00:00,38669,13978,24691,150365,18328,12327,6001,4548,-31163,35711,32801,-6365,39166
2023-09-12 00:00:00,32232,1184,31048,147426,19347,15575,3772,4317,-28879,33196,33068,-2338,35406
2023-09-19 00:00:00,33542,2356,31186,149236,15101,10918,4183,5132,-27351,32483,33653,-1031,34684
2023-09-26 00:00:00,33309,5846,27463,144429,16428,12119,4309,4557,-27843,32400,33518,-3582,37100
2023-10-03 00:00:00,29829,-1848,31677,152797,16340,11567,4773,5424,-27391,32815,33224,1510,31714
2023-10-10 00:00:00,30738,-4079,34817,156406,14990,11441,3549,6155,-27623,33778,34601,5400,29201
2023-10-17 00:00:00,32666,5014,27652,155856,15874,12053,3821,5263,-30296,35559,32479,874,31605
2023-10-24 00:00:00,31366,8909,22457,157185,18261,12570,5691,5260,-31326,36586,33122,-846,33968
2023-10-31 00:00:00,29856,6636,23220,153807,16518,11458,5060,5417,-29404,34821,34153,-1924,36077
2023-11-07 00:00:00,27193,2231,24962,157076,17889,13472,4417,6102,-28855,34957,35759,75,35684
2023-11-14 00:00:00,33184,9584,23600,163012,16403,11891,4512,5509,-29366,34875,34772,-1448,36220
2023-11-21 00:00:00,38239,16665,21574,168361,15765,11250,4515,5602,-33272,38874,33634,-8175,41809
2023-11-28 00:00:00,47583,25897,21686,167341,17665,10588,7077,5527,-37052,42579,31851,-13068,44919
2023-12-05 00:00:00,45086,22914,22172,165798,18189,13295,4894,6775,-36585,43360,32826,-15793,48619
2023-12-12 00:00:00,33804,8924,24880,157963,19513,16529,2984,6560,-33433,39993,31298,-12097,43395
2023-12-19 00:00:00,36285,16222,20063,154345,16048,12745,3303,5899,-35686,41585,30727,-12871,43598
2023-12-26 00:00:00,36709,17022,19687,150121,16662,12956,3706,5950,-36175,42125,29828,-15225,45053
2024-01-02 00:00:00,38281,15952,22329,153882,17448,14156,3292,6341,-36890,43231,30734,-11946,42680
2024-01-09 00:00:00,31965,7886,24079,151878,17874,15036,2838,6519,-36076,42595,31892,-5243,37135
2024-01-16 00:00:00,31532,6030,25502,154103,19120,15537,3583,6455,-35912,42367,29844,-4812,34656
2024-01-23 00:00:00,28931,-3165,32096,162538,20035,15823,4212,8062,-31666,39728,33753,1419,32334
2024-01-30 00:00:00,33316,5046,28270,158846,17316,13298,4018,6550,-34928,41478,33678,-316,33994
2024-02-06 00:00:00,31935,-4784,36719,169902,19991,17371,2620,9079,-31480,40559,34717,1506,33211
2024-02-13 00:00:00,32399,-9632,42031,176783,20181,16976,3205,10443,-30175,40618,36738,4523,32215
2024-02-20 00:00:00,36556,5363,31193,172844,18800,14011,4789,8886,-35147,44033,33302,-388,33690
2024-02-27 00:00:00,33099,-4143,37242,162469,19147,15751,3396,9771,-33454,43225,37213,3223,33990
2024-03-05 00:00:00,41049,15530,25519,166332,16994,11968,5026,7206,-35271,42477,32822,-9105,41927
2024-03-12 00:00:00,45652,26661,18991,175805,19846,13373,6473,7717,-35286,43003,30771,-19134,49905
2024-03-19 00:00:00,53683,37819,15864,192474,22836,14694,8142,7142,-37920,45062,27773,-26183,53956
2024-03-26 00:00:00,53782,30182,23600,191539,24668,17742,6926,8599,-35987,44586,28131,-26731,54862
2024-04-02 00:00:00,58160,34084,24076,211009,24962,18069,6893,10408,-38580,48988,27634,-28325,55959
2024-04-09 00:00:00,61130,38496,22634,239453,24432,14003,10429,14566,-41435,56001,28333,-29310,57643
2024-04-16 00:00:00,60484,40962,19522,242471,20604,10917,9687,14589,-40861,55450,27540,-31951,59491
2024-04-23 00:00:00,59902,39955,19947,238980,24428,16304,8124,11151,-41508,52659,27264,-33360,60624
2024-04-30 00:00:00,55603,33760,21843,213662,24230,15431,8799,9282,-37983,47265,28833,-32798,61631
2024-05-07 00:00:00,55228,34914,20314,211935,23590,13848,9742,8461,-38232,46693,28572,-31924,60496
2024-05-14 00:00:00,61325,41621,19704,229581,24554,13338,11216,8850,-41556,50406,28217,-36070,64287
2024-05-21 00:00:00,61931,37703,24228,270380,29480,17268,12212,12882,-40506,53388,30327,-38654,68981
2024-05-28 00:00:00,63241,39529,23712,254066,28021,14787,13234,11394,-40758,52152,31560,-38262,69822
2024-06-04 00:00:00,57652,35801,21851,241243,28053,15736,12317,9073,-40477,49550,30109,-37039,67148
2024-06-11 00:00:00,52922,29600,23322,238410,27856,17258,10598,9642,-38572,48214,30283,-35670,65953
2024-06-18 00:00:00,53854,32159,21695,236418,24921,14668,10253,10341,-38371,48712,31294,-35797,67091
2024-06-25 00:00:00,51426,32990,18436,205154,26659,17387,9272,7167,-37906,45073,28084,-38049,66133
2024-07-02 00:00:00,50072,32472,17600,195047,26152,17455,8697,7228,-36451,43679,26321,-38271,64592
2024-07-09 00:00:00,56064,39803,16261,209854,25162,16349,8813,7362,-39442,46804,25373,-41383,66756
2024-07-16 00:00:00,57063,38638,18425,216464,25859,17396,8463,6831,-39130,45961,24648,-41160,65808
2024-07-23 00:00:00,44226,25801,18425,202087,25805,18496,7309,7073,-35266,42339,25673,-32796,58469
2024-07-30 00:00:00,38637,24930,13707,191373,25170,17770,7400,7437,-32743,40180,25308,-32316,57624
2024-08-06 00:00:00,36940,24904,12036,191308,21913,16508,5405,7934,-31179,39113,25974,-31407,57381
2024-08-13 00:00:00,36693,24257,12436,192385,20779,14188,6591,8227,-30858,39085,25376,-29911,55287
2024-08-20 00:00:00,41265,31998,9267,194858,20095,12364,7731,7813,-32477,40290,24420,-34546,58966
2024-08-27 00:00:00,44891,35282,9609,178082,19575,13666,5909,6985,-33297,40282,24704,-36492,61196
2024-09-03 00:00:00,41453,26501,14952,165032,19340,14362,4978,6923,-28390,35313,26225,-32109,58334
2024-09-10 00:00:00,40694,27090,13604,162923,18174,13015,5159,6003,-29008,35011,26403,-29426,55829
2024-09-17 00:00:00,53201,42312,10889,185317,21513,14020,7493,6366,-35195,41561,23201,-40450,63651
2024-09-24 00:00:00,58519,46088,12431,201632,22639,15315,7324,7584,-37068,44652,23759,-44363,68122
2024-10-01 00:00:00,53088,38379,14709,189735,22136,16604,5532,7534,-35884,43418,23691,-42026,65717
2024-10-08 00:00:00,48044,34744,13300,186046,22093,15706,6387,8298,-33989,42287,24547,-39819,64366
2024-10-15 00:00:00,48058,35532,12526,186406,21271,15589,5682,8124,-35017,43141,24860,-38832,63692
2024-10-22 00:00:00,56726,47360,9366,224501,25869,17663,8206,9983,-39294,49277,23780,-45531,69311
2024-10-29 00:00:00,54826,41169,13657,209149,25724,17698,8026,8324,-38906,47230,24492,-42347,66839
2024-11-05 00:00:00,48813,33073,15740,200312,23424,16569,6855,8077,-34835,42912,24265,-36881,61146
2024-11-12 00:00:00,41084,24061,17023,191878,23941,17012,6929,7551,-33601,41152,24072,-28895,52967
2024-11-19 00:00:00,40593,25896,14697,185168,22405,14773,7632,8050,-35081,43131,23412,-25737,49149
2024-11-26 00:00:00,38529,23233,15296,161693,21371,15241,6130,6305,-33727,40032,23729,-24144,47873
2024-12-03 00:00:00,39584,24893,14691,162559,22056,14539,7517,5781,-32292,38073,26519,-26704,53223
2024-12-10 00:00:00,47587,30685,16902,184252,23082,7393,15689,4842,-34364,39206,27665,-22680,50345
2024-12-17 00:00:00,40285,22078,18207,177569,24212,13930,10282,4978,-33562,38540,28124,-20864,48988
2024-12-24 00:00:00,39379,20590,18789,176109,24313,14646,9667,5095,-33303,38398,28266,-17880,46146
2024-12-31 00:00:00,37739,16824,20915,176589,25044,15977,9067,5104,-32879,37983,28729,-15390,44119
2025-01-07 00:00:00,42539,25609,16930,178965,23502,11385,12117,4449,-32847,37296,27490,-19879,47369
2025-01-14 00:00:00,45363,28803,16560,179637,22591,12676,9915,5366,-32828,38194,24332,-23056,47388
2025-01-21 00:00:00,48382,29549,18833,192024,23957,14019,9938,6100,-33315,39415,23947,-26274,50221
2025-01-28 00:00:00,46862,26318,20544,192399,25206,14895,10311,5420,-33627,39047,24702,-24298,49000
2025-02-04 00:00:00,57040,37370,19670,207054,24144,10714,13430,4510,-37769,42279,22491,-29086,51577
2025-02-11 00:00:00,54759,35052,19707,196879,22281,12443,9838,5825,-36712,42537,22002,-29797,51799
2025-02-18 00:00:00,59139,39402,19737,207446,23491,12731,10760,6394,-38644,45038,22324,-31624,53948
2025-02-25 00:00:00,51165,32993,18172,187289,24319,16942,7377,5673,-39201,44874,22888,-29101,51989
2025-03-04 00:00:00,47823,34203,13620,170682,22594,16160,6434,6126,-30556,36682,22001,-37900,59901
2025-03-11 00:00:00,55052,42245,12807,182294,22603,14829,7774,5348,-34325,39673,22162,-41035,63197
2025-03-18 00:00:00,62896,49645,13251,203446,22607,10131,12476,5311,-36276,41587,23266,-43227,66493
2025-03-25 00:00:00,60159,45806,14353,197343,23292,12549,10743,5542,-36922,42464,23670,-41642,65312
2025-04-01 00:00:00,57908,41449,16459,197085,24206,12929,11277,5714,-36776,42490,25510,-37790,63300
2025-04-08 00:00:00,34567,21931,12636,184810,28906,20089,8817,5578,-31764,37342,25639,-29866,55505
2025-04-15 00:00:00,35584,23329,12255,174602,26304,17734,8570,6059,-32086,38145,25425,-29526,54951
2025-04-22 00:00:00,36921,26174,10747,180347,25074,16142,8932,7229,-30597,37826,25040,-32434,57474
2025-04-29 00:00:00,42803,31252,11551,178269,25231,16567,8664,8165,-30811,38976,24522,-37207,61729
2025-05-06 00:00:00,43730,30248,13482,166457,24676,17139,7537,5169,-30595,35764,25204,-35940,61144
2025-05-13 00:00:00,43560,28460,15100,163084,22216,17185,5031,5428,-30386,35814,25954,-34482,60436
2025-05-20 00:00:00,45696,30551,15145,166262,22542,16970,5572,5804,-30359,36163,25854,-34559,60413
2025-05-27 00:00:00,48688,33393,15295,167169,21933,17221,4712,5226,-30765,35991,26081,-37855,63936
2025-06-03 00:00:00,59155,45381,13774,189056,20851,13848,7003,5969,-32492,38461,25663,-45396,71059
2025-06-10 00:00:00,60307,48793,11514,209282,23768,16519,7249,5768,-35607,41375,25882,-48777,74659
2025-06-17 00:00:00,63591,50034,13557,220598,24318,16347,7971,6900,-35531,42431,26361,-50395,76756
2025-06-24 00:00:00,59201,45686,13515,205107,22693,14967,7726,7152,-33355,40507,29648,-47783,77431
2025-07-01 00:00:00,59411,45624,13787,188086,20716,15829,4887,6497,-29424,35921,28061,-54339,82400
2025-07-08 00:00:00,59452,43605,15847,189193,18994,13455,5539,7618,-26854,34472,27836,-52446,80282
2025-07-15 00:00:00,60072,43927,16145,204315,21178,13158,8020,7077,-30182,37259,27439,-48532,75971
2025-07-22 00:00:00,61231,45265,15966,210124,20957,13402,7555,8453,-29234,37687,27797,-49199,76996
2025-07-29 00:00:00,58044,43633,14411,195420,19596,13586,6010,8314,-29338,37652,27539,-48593,76132
2025-08-05 00:00:00,46387,30621,15766,188228,22138,17878,4260,7192,-28045,35237,27922,-43089,71011
2025-08-12 00:00:00,44464,28257,16207,183488,18790,13440,5350,7577,-22076,29653,27150,-43039,70189
2025-08-19 00:00:00,44716,28787,15929,184520,19611,14439,5172,8617,-21549,30166,27934,-42816,70750
2025-08-26 00:00:00,49301,34205,15096,180977,16034,9726,6308,6921,-23528,30449,27390,-43082,70472
2025-09-02 00:00:00,53117,41022,12095,193836,18513,11715,6798,6241,-28648,34889,26818,-43456,70274
2025-09-09 00:00:00,50569,37768,12801,190124,18048,13122,4926,6418,-26823,33241,26070,-44548,70618
2025-09-16 00:00:00,53003,38128,14875,203293,15416,10650,4766,7445,-26898,34343,26961,-42731,69692
2025-09-23 00:00:00,53739,40065,13674,215668,15570,9442,6128,7645,-27500,35145,25854,-42972,68826
2025-09-30 00:00:00,49526,37250,12276,211830,16935,10835,6100,7012,-26646,33658,25875,-43390,69265
2025-10-07 00:00:00,42719,29893,12826,221322,19038,13829,5209,10726,-23935,34661,26009,-43354,69363
2025-10-14 00:00:00,38724,24963,13761,241744,22894,15604,7290,9674,-25877,35551,27089,-36823,63912
2025-10-21 00:00:00,31946,18537,13409,235573,22852,15729,7123,10090,-24028,34118,27221,-31364,58585
2025-10-28 00:00:00,33379,22696,10683,209443,17480,11665,5815,8702,-23733,32435,26984,-29785,56769
2025-11-04 00:00:00,32735,19577,13158,205599,16778,10793,5985,8885,-22885,31770,26749,-27465,54214
2025-11-10 00:00:00,35359,23540,11819,217297,16181,8180,8001,10410,-23321,33731,25732,-27987,53719
2025-11-18 00:00:00,33167,20933,12234,215468,18228,11463,6765,10246,-23549,33795,27756,-28970,56726
2025-11-25 00:00:00,32649,20127,12522,186438,17515,10759,6756,6631,-24143,30774,28419,-28249,56668
2025-12-02 00:00:00,35221,21254,13967,209714,22963,17008,5955,6240,-26620,32860,29941,-29873,59814
2025-12-09 00:00:00,39843,27978,11865,218564,24427,16211,8216,6364,-28508,34872,29302,-31760,61062
2025-12-16 00:00:00,36506,24297,12209,224867,17914,11638,6276,8476,-25020,33496,30408,-29721,60129
2025-12-23 00:00:00,36057,23864,12193,224467,17444,10505,6939,9272,-23776,33048,29252,-29510,58762
2025-12-30 00:00:00,29558,16595,12963,238801,18121,12065,6056,7778,-26112,33890,32084,-23296,55380
2026-01-06 00:00:00,26376,17658,8718,235097,17267,10874,6393,8849,-25674,34523,32009,-24964,56973
2026-01-13 00:00:00,22206,15045,7161,237264,20878,15580,5298,6409,-25980,32389,26949,-28025,54974
2026-01-20 00:00:00,20149,11326,8823,244012,19676,13289,6387,8988,-20218,29206,26389,-25309,51698
2026-01-27 00:00:00,17704,7294,10410,228415,23024,16705,6319,8756,-21861,30617,28254,-22161,50415
2026-02-03 00:00:00,12173,4491,7682,210072,24186,20128,4058,7441,-18896,26337,21170,-25743,46913
2026-02-10 00:00:00,11657,4585,7072,200993,22073,16784,5289,7153,-17333,24486,21481,-23507,44988
2026-02-17 00:00:00,11303,6160,5143,198680,22422,16696,5726,7569,-16630,24199,20320,-24627,44947
2026-02-24 00:00:00,13328,7981,5347,168909,18209,12742,5467,5304,-16739,22043,22079,-22655,44734
2026-03-03 00:00:00,12698,7314,5384,156362,20493,15360,5133,5329,-15146,20475,20633,-23910,44543
2026-03-10 00:00:00,13102,9721,3381,158665,19047,14015,5032,4914,-16149,21063,22296,-24701,46997
2026-03-17 00:00:00,12631,9301,3330,154886,17400,11735,5665,5407,-14883,20290,21736,-22372,44108
2026-03-24 00:00:00,14727,10915,3812,156003,16952,11897,5055,4365,-15359,19724,20934,-22999,43933
2026-03-31 00:00:00,14577,10816,3761,145155,17661,12514,5147,4136,-15510,19646,21900,-22686,44586
2026-04-07 00:00:00,13659,10039,3620,144271,17893,12748,5145,3679,-15597,19276,20715,-22592,43307
2026-04-14 00:00:00,14802,11046,3756,147580,16643,12171,4472,4211,-16763,20974,21672,-23377,45049
2026-04-21 00:00:00,13559,8863,4696,144523,18571,14377,4194,4520,-16317,20837,21281,-24365,45646
2026-04-28 00:00:00,15107,10745,4362,120653,15924,14141,1783,2979,-17977,20956,21032,-22999,44031
2026-05-05 00:00:00,16203,10941,5262,117570,16430,13658,2772,3107,-17471,20578,19629,-23420,43049
2026-05-12 00:00:00,22218,16195,6023,132647,14897,11176,3721,3342,-19466,22808,20006,-25381,45387
2026-05-19 00:00:00,18536,11761,6775,126166,15995,12981,3014,3515,-19005,22520,18853,-23798,42651
2026-05-26 00:00:00,17279,10244,7035,120844,16218,12942,3276,2299,-19743,22042,19729,-22351,42080
2026-06-02 00:00:00,17416,10433,6983,121733,16739,14059,2680,3037,-18183,21220,20469,-25293,45762
2026-06-09 00:00:00,15826,9794,6032,126230,14453,11645,2808,4511,-16912,21423,20042,-22889,42931
2026-06-16 00:00:00,18060,12070,5990,129573,15361,11492,3869,4496,-16654,21150,20346,-25282,45628
2026-06-23 00:00:00,17354,11659,5695,134115,15942,11730,4212,5270,-14071,19341,18429,-25583,44012
2026-06-30 00:00:00,18253,12747,5506,127000,15839,12265,3574,5406,-12245,17651,21161,-26821,47982
2026-07-07 00:00:00,18189,12131,6058,123216,17266,13502,3764,5363,-13295,18658,20657,-27594,48251
2026-07-14 00:00:00,16319,10377,5942,124065,15883,12227,3656,5840,-12630,18470,20723,-27672,48395
2026-07-21 00:00:00,16800,10003,6797,126994,15470,10567,4903,5917,-12983,18900,22208,-24994,47202
2026-07-28 00:00:00,16988,8387,8601,121385,16170,11847,4323,6232,-13010,19242,22312,-24137,46449
2026-08-04 00:00:00,19423,11067,8356,128620,14632,8992,5640,6473,-12995,19468,22708,-25759,48467
2026-08-11 00:00:00,18983,10312,8671,134898,18073,11154,6919,5832,-15895,21727,23041,-26650,49691
2026-08-18 00:00:00,18581,10768,7813,138386,17412,10663,6749,6059,-16031,22090,23052,-27254,50306
2026-08-25 00:00:00,20650,13235,7415,137784,14991,10020,4971,6214,-16998,23212,22775,-27033,49808
