close,date,high,low,open,volume
2489.89990234375,2024-09-03,2501.800048828125,2476.300048828125,2501.60009765625,206
2493.39990234375,2024-09-04,2493.39990234375,2483.5,2490.89990234375,470
2511.39990234375,2024-09-05,2513.300048828125,2493.39990234375,2493.699951171875,54
2493.5,2024-09-06,2517.89990234375,2483.699951171875,2510.300048828125,96
2501.800048828125,2024-09-09,2504.699951171875,2491.300048828125,2491.300048828125,96
2512.300048828125,2024-09-10,2512.300048828125,2512.300048828125,2512.300048828125,5
2512.10009765625,2024-09-11,2525.800048828125,2502.300048828125,2525.800048828125,90
2551.199951171875,2024-09-12,2557.0,2523.39990234375,2529.10009765625,132
2581.300048828125,2024-09-13,2581.800048828125,2565.0,2568.800048828125,31
2580.39990234375,2024-09-16,2580.39990234375,2580.39990234375,2580.39990234375,28
2564.300048828125,2024-09-17,2581.800048828125,2564.300048828125,2581.199951171875,22
2570.699951171875,2024-09-18,2570.699951171875,2549.199951171875,2570.699951171875,25
2588.0,2024-09-19,2588.0,2566.0,2566.0,99
2619.89990234375,2024-09-20,2621.800048828125,2590.39990234375,2590.39990234375,17
2626.5,2024-09-23,2626.5,2626.5,2626.5,9
2651.199951171875,2024-09-24,2662.300048828125,2625.5,2636.800048828125,35
2659.199951171875,2024-09-25,2664.199951171875,2649.300048828125,2656.300048828125,175
2669.89990234375,2024-09-26,2669.89990234375,2660.800048828125,2662.300048828125,17216
2644.300048828125,2024-09-27,2672.10009765625,2641.699951171875,2670.0,4228
2636.10009765625,2024-09-30,2662.10009765625,2623.199951171875,2660.89990234375,973
2667.300048828125,2024-10-01,2670.89990234375,2631.39990234375,2631.39990234375,153
2647.10009765625,2024-10-02,2657.199951171875,2640.0,2650.60009765625,72
2657.10009765625,2024-10-03,2657.10009765625,2640.0,2642.800048828125,354
2645.800048828125,2024-10-04,2667.0,2639.0,2656.0,114
2644.800048828125,2024-10-07,2657.39990234375,2639.0,2648.699951171875,284
2615.0,2024-10-08,2639.0,2609.300048828125,2639.0,687
2606.0,2024-10-09,2607.699951171875,2603.0,2603.0,152
2620.60009765625,2024-10-10,2628.300048828125,2602.5,2602.5,320
2657.60009765625,2024-10-11,2658.10009765625,2638.199951171875,2638.300048828125,12
2647.800048828125,2024-10-14,2655.300048828125,2647.800048828125,2655.0,40
2661.39990234375,2024-10-15,2661.39990234375,2661.39990234375,2661.39990234375,39
2674.0,2024-10-16,2674.0,2674.0,2674.0,6
2691.0,2024-10-17,2691.699951171875,2677.199951171875,2677.39990234375,30
2713.699951171875,2024-10-18,2719.60009765625,2713.699951171875,2713.699951171875,29
2723.10009765625,2024-10-21,2738.39990234375,2719.5,2721.89990234375,52
2744.199951171875,2024-10-22,2746.0,2728.60009765625,2731.699951171875,93
2714.39990234375,2024-10-23,2742.5,2714.199951171875,2742.5,18
2734.89990234375,2024-10-24,2736.10009765625,2729.0,2729.0,27
2740.89990234375,2024-10-25,2742.39990234375,2725.5,2725.5,29
2742.89990234375,2024-10-28,2742.89990234375,2729.5,2736.10009765625,56
2768.39990234375,2024-10-29,2768.39990234375,2768.39990234375,2768.39990234375,848
2788.5,2024-10-30,2789.0,2774.60009765625,2774.60009765625,231
2738.300048828125,2024-10-31,2787.5,2733.5,2787.39990234375,849
2738.60009765625,2024-11-01,2756.0,2734.199951171875,2745.5,109
2736.10009765625,2024-11-04,2737.10009765625,2736.10009765625,2736.5,16
2740.300048828125,2024-11-05,2743.89990234375,2740.300048828125,2743.0,23
2667.60009765625,2024-11-06,2734.5,2659.39990234375,2734.5,427
2698.39990234375,2024-11-07,2699.10009765625,2662.5,2662.5,676
2687.5,2024-11-08,2694.60009765625,2682.89990234375,2688.5,1038
2611.199951171875,2024-11-11,2671.699951171875,2611.199951171875,2671.699951171875,20
2600.0,2024-11-12,2605.5,2592.800048828125,2605.5,118
2580.800048828125,2024-11-13,2611.800048828125,2580.800048828125,2611.10009765625,53
2568.199951171875,2024-11-14,2576.199951171875,2554.199951171875,2555.10009765625,27
2565.699951171875,2024-11-15,2565.699951171875,2565.699951171875,2565.699951171875,20
2610.60009765625,2024-11-18,2610.699951171875,2589.39990234375,2591.699951171875,136
2627.10009765625,2024-11-19,2627.699951171875,2619.300048828125,2621.89990234375,87
2648.199951171875,2024-11-20,2648.199951171875,2638.5,2638.5,27
2672.10009765625,2024-11-21,2672.10009765625,2655.699951171875,2659.300048828125,33
2709.89990234375,2024-11-22,2710.5,2685.60009765625,2687.5,41
2616.800048828125,2024-11-25,2689.39990234375,2616.800048828125,2689.39990234375,94
2620.300048828125,2024-11-26,2625.60009765625,2620.300048828125,2625.60009765625,177858
2639.89990234375,2024-11-27,2657.89990234375,2627.199951171875,2633.5,61653
2657.0,2024-11-29,2664.300048828125,2620.699951171875,2636.39990234375,3861
2634.89990234375,2024-12-02,2649.800048828125,2621.699951171875,2649.0,695
2644.699951171875,2024-12-03,2654.699951171875,2636.0,2639.0,1062
2653.800048828125,2024-12-04,2658.300048828125,2637.0,2639.199951171875,249
2626.60009765625,2024-12-05,2655.0,2625.699951171875,2652.39990234375,573
2638.60009765625,2024-12-06,2643.10009765625,2617.5,2620.199951171875,571
2664.89990234375,2024-12-09,2677.10009765625,2630.800048828125,2632.10009765625,935
2697.60009765625,2024-12-10,2698.199951171875,2661.0,2662.300048828125,437
2733.800048828125,2024-12-11,2733.800048828125,2693.10009765625,2701.800048828125,3387
2687.5,2024-12-12,2725.10009765625,2677.39990234375,2725.10009765625,2365
2656.0,2024-12-13,2689.300048828125,2647.89990234375,2688.199951171875,1125
2651.39990234375,2024-12-16,2663.300048828125,2651.0,2658.300048828125,877
2644.39990234375,2024-12-17,2652.300048828125,2632.5,2651.800048828125,705
2636.5,2024-12-18,2647.10009765625,2590.199951171875,2644.300048828125,566
2592.199951171875,2024-12-19,2610.300048828125,2582.10009765625,2582.10009765625,238
2628.699951171875,2024-12-20,2631.60009765625,2604.89990234375,2605.300048828125,592
2612.300048828125,2024-12-23,2627.699951171875,2611.10009765625,2620.0,451
2620.0,2024-12-24,2620.0,2609.5,2613.0,35
2638.800048828125,2024-12-26,2638.800048828125,2627.89990234375,2628.5,84
2617.199951171875,2024-12-27,2617.699951171875,2616.39990234375,2617.699951171875,642
2606.10009765625,2024-12-30,2626.89990234375,2597.0,2620.699951171875,794
2629.199951171875,2024-12-31,2629.199951171875,2604.89990234375,2608.39990234375,401
2658.89990234375,2025-01-02,2663.10009765625,2633.0,2633.0,1728
2645.0,2025-01-03,2658.699951171875,2641.800048828125,2658.699951171875,591
2638.39990234375,2025-01-06,2647.0,2617.300048828125,2645.5,960
2656.699951171875,2025-01-07,2657.5,2653.0,2653.39990234375,643
2664.5,2025-01-08,2676.89990234375,2653.5,2655.5,999
2683.800048828125,2025-01-09,2686.300048828125,2667.89990234375,2669.699951171875,1139
2708.5,2025-01-10,2720.10009765625,2683.699951171875,2686.10009765625,403
2673.5,2025-01-13,2711.199951171875,2673.5,2711.10009765625,765
2677.5,2025-01-14,2688.300048828125,2670.800048828125,2673.60009765625,794
2712.5,2025-01-15,2712.5,2690.800048828125,2690.800048828125,930
2746.39990234375,2025-01-16,2749.800048828125,2731.699951171875,2731.699951171875,1721
2744.300048828125,2025-01-17,2751.60009765625,2725.5,2736.0,1214
2755.0,2025-01-21,2755.0,2724.800048828125,2746.0,1439
2767.60009765625,2025-01-22,2768.800048828125,2753.5,2754.5,2079
2763.10009765625,2025-01-23,2765.0,2745.39990234375,2760.0,2201
2777.300048828125,2025-01-24,2792.0,2759.800048828125,2759.800048828125,1593
2737.5,2025-01-27,2762.199951171875,2737.5,2761.10009765625,984
2766.800048828125,2025-01-28,2766.800048828125,2738.0,2738.0,2307
2769.10009765625,2025-01-29,2769.10009765625,2769.10009765625,2769.10009765625,125692
2823.0,2025-01-30,2829.5,2770.0,2772.5,40141
2812.5,2025-01-31,2838.0,2804.0,2829.0,3443
2833.89990234375,2025-02-03,2848.39990234375,2780.89990234375,2818.199951171875,2649
2853.300048828125,2025-02-04,2853.300048828125,2816.10009765625,2827.60009765625,2187
2871.60009765625,2025-02-05,2880.5,2848.0,2850.0,4519
2856.0,2025-02-06,2871.699951171875,2836.300048828125,2865.199951171875,3116
2867.300048828125,2025-02-07,2889.5,2857.800048828125,2859.89990234375,1822
2914.300048828125,2025-02-10,2916.10009765625,2863.800048828125,2864.199951171875,2237
2912.5,2025-02-11,2945.39990234375,2890.0,2925.5,2554
2909.0,2025-02-12,2912.300048828125,2868.60009765625,2902.0,2504
2925.89990234375,2025-02-13,2937.699951171875,2910.60009765625,2911.300048828125,4670
2883.60009765625,2025-02-14,2944.39990234375,2874.800048828125,2937.300048828125,1992
2931.60009765625,2025-02-18,2936.39990234375,2873.800048828125,2879.199951171875,4010
2919.39990234375,2025-02-19,2946.0,2917.10009765625,2938.699951171875,2630
2940.0,2025-02-20,2955.800048828125,2924.199951171875,2949.10009765625,656
2937.60009765625,2025-02-21,2940.0,2917.300048828125,2938.800048828125,570
2947.89990234375,2025-02-24,2957.89990234375,2933.10009765625,2933.10009765625,415
2904.5,2025-02-25,2943.199951171875,2890.0,2938.699951171875,1854
2916.800048828125,2025-02-26,2917.0,2913.0,2913.5,2050
2883.199951171875,2025-02-27,2922.800048828125,2870.39990234375,2918.5,3215
2836.800048828125,2025-02-28,2877.10009765625,2834.10009765625,2877.10009765625,990
2890.199951171875,2025-03-03,2891.800048828125,2863.39990234375,2872.699951171875,423
2909.60009765625,2025-03-04,2927.89990234375,2886.10009765625,2886.10009765625,885
2915.300048828125,2025-03-05,2922.0,2893.0,2916.699951171875,551
2916.60009765625,2025-03-06,2918.60009765625,2903.800048828125,2904.0,870
2904.699951171875,2025-03-07,2927.300048828125,2900.5,2900.89990234375,531
2891.0,2025-03-10,2915.10009765625,2880.199951171875,2910.10009765625,55
2912.89990234375,2025-03-11,2916.699951171875,2880.39990234375,2884.39990234375,197
2939.10009765625,2025-03-12,2939.10009765625,2910.0,2912.0,213
2984.300048828125,2025-03-13,2988.0,2935.199951171875,2937.10009765625,2366
2994.5,2025-03-14,3004.800048828125,2986.0,2994.39990234375,1800
3000.0,2025-03-17,3001.5,2989.0,2991.0,214
3035.10009765625,2025-03-18,3039.199951171875,3004.39990234375,3006.39990234375,428
3035.89990234375,2025-03-19,3050.89990234375,3030.89990234375,3035.199951171875,175
3040.0,2025-03-20,3047.300048828125,3034.39990234375,3047.300048828125,185
3018.199951171875,2025-03-21,3037.5,3000.89990234375,3034.5,151
3013.10009765625,2025-03-24,3024.300048828125,3006.0,3024.300048828125,137
3023.699951171875,2025-03-25,3028.800048828125,3023.699951171875,3026.39990234375,74
3020.89990234375,2025-03-26,3033.199951171875,3019.5,3033.199951171875,83
3060.199951171875,2025-03-27,3065.0,3025.5,3025.5,124359
3086.5,2025-03-28,3094.89990234375,3066.800048828125,3069.699951171875,31206
3122.800048828125,2025-03-31,3132.5,3086.0,3091.0,3438
3118.89990234375,2025-04-01,3149.5,3104.0,3129.699951171875,1721
3139.89990234375,2025-04-02,3168.60009765625,3117.39990234375,3120.699951171875,5946
3097.0,2025-04-03,3166.89990234375,3052.0,3150.0,5516
3012.0,2025-04-04,3127.699951171875,3011.0,3110.5,3247
2951.300048828125,2025-04-07,3050.800048828125,2949.699951171875,3016.39990234375,4424
2968.39990234375,2025-04-08,3014.5,2968.39990234375,2994.0,3213
3056.5,2025-04-09,3090.39990234375,2965.800048828125,2965.800048828125,2175
3155.199951171875,2025-04-10,3167.0,3072.10009765625,3073.89990234375,3456
3222.199951171875,2025-04-11,3235.0,3182.10009765625,3182.10009765625,862
3204.800048828125,2025-04-14,3228.800048828125,3194.5,3215.5,263
3218.699951171875,2025-04-15,3218.699951171875,3214.0,3216.0,390
3326.60009765625,2025-04-16,3334.89990234375,3238.300048828125,3238.300048828125,1874
3308.699951171875,2025-04-17,3345.0,3287.800048828125,3345.0,824
3406.199951171875,2025-04-21,3418.5,3342.199951171875,3342.199951171875,78
3400.800048828125,2025-04-22,3485.60009765625,3361.699951171875,3422.199951171875,785
3276.300048828125,2025-04-23,3370.300048828125,3256.199951171875,3321.199951171875,331
3332.0,2025-04-24,3353.89990234375,3304.89990234375,3305.39990234375,560
3282.39990234375,2025-04-25,3355.5,3266.10009765625,3355.5,162
3332.5,2025-04-28,3332.5,3284.5,3284.5,1300
3318.800048828125,2025-04-29,3340.0,3299.89990234375,3340.0,1278
3305.0,2025-04-30,3318.699951171875,3268.0,3318.699951171875,207
3210.0,2025-05-01,3275.0,3198.60009765625,3272.89990234375,2131
3231.89990234375,2025-05-02,3257.0,3225.0,3239.89990234375,1349
3311.300048828125,2025-05-05,3315.699951171875,3239.699951171875,3242.699951171875,244
3411.39990234375,2025-05-06,3430.89990234375,3356.800048828125,3365.5,2357
3381.39990234375,2025-05-07,3418.699951171875,3364.699951171875,3418.699951171875,1080
3296.60009765625,2025-05-08,3390.0,3288.699951171875,3390.0,200
3335.39990234375,2025-05-09,3335.5,3299.0,3299.0,216
3220.0,2025-05-12,3300.699951171875,3205.0,3300.699951171875,886
3240.300048828125,2025-05-13,3251.39990234375,3223.5,3232.0,2424
3181.39990234375,2025-05-14,3233.0,3171.699951171875,3233.0,3518
3220.699951171875,2025-05-15,3228.10009765625,3125.0,3151.0,652
3182.0,2025-05-16,3228.10009765625,3173.89990234375,3227.699951171875,199
3228.89990234375,2025-05-19,3241.0,3228.300048828125,3234.39990234375,266
3280.300048828125,2025-05-20,3293.199951171875,3207.5,3219.0,356
3309.300048828125,2025-05-21,3317.5,3290.199951171875,3293.39990234375,979
3292.300048828125,2025-05-22,3328.0,3282.699951171875,3327.300048828125,1210
3363.60009765625,2025-05-23,3363.60009765625,3323.5,3328.0,47
3299.10009765625,2025-05-27,3341.0,3296.300048828125,3332.5,189
3293.60009765625,2025-05-28,3293.60009765625,3293.60009765625,3293.60009765625,127758
3317.10009765625,2025-05-29,3328.800048828125,3242.39990234375,3283.699951171875,24370
3288.89990234375,2025-05-30,3318.0,3270.89990234375,3315.10009765625,2213
3370.60009765625,2025-06-02,3380.800048828125,3296.89990234375,3296.89990234375,976
3350.199951171875,2025-06-03,3390.0,3331.300048828125,3385.10009765625,6410
3373.5,2025-06-04,3380.0,3344.0,3355.0,207
3350.699951171875,2025-06-05,3400.0,3343.699951171875,3371.5,731
3322.699951171875,2025-06-06,3364.300048828125,3306.0,3364.300048828125,81
3332.10009765625,2025-06-09,3334.60009765625,3290.0,3315.60009765625,1887
3320.89990234375,2025-06-10,3344.300048828125,3302.0,3302.0,65
3321.300048828125,2025-06-11,3356.0,3321.300048828125,3328.0,2106
3380.89990234375,2025-06-12,3395.89990234375,3353.39990234375,3363.0,1818
3431.199951171875,2025-06-13,3444.0,3407.300048828125,3407.300048828125,499
3396.39990234375,2025-06-16,3442.0,3385.39990234375,3442.0,480
3386.60009765625,2025-06-17,3398.300048828125,3376.10009765625,3398.300048828125,1477
3389.800048828125,2025-06-18,3391.89990234375,3365.10009765625,3385.300048828125,0
3368.10009765625,2025-06-20,3372.89990234375,3341.0,3350.0,709
3377.699951171875,2025-06-23,3387.89990234375,3350.0,3365.89990234375,30
3317.39990234375,2025-06-24,3358.0,3301.0,3358.0,538
3327.10009765625,2025-06-25,3331.199951171875,3310.60009765625,3321.60009765625,373
3333.5,2025-06-26,3333.5,3332.39990234375,3332.39990234375,2058
3273.699951171875,2025-06-27,3318.699951171875,3253.800048828125,3318.699951171875,284
3294.39990234375,2025-06-30,3306.89990234375,3262.0,3265.89990234375,1242
3336.699951171875,2025-07-01,3354.10009765625,3310.10009765625,3310.10009765625,371
3348.0,2025-07-02,3357.5,3329.0,3329.0,39
3331.60009765625,2025-07-03,3362.0,3322.300048828125,3362.0,0
3332.5,2025-07-04,3342.0,3332.5,3342.0,0
3332.199951171875,2025-07-07,3333.300048828125,3299.199951171875,3305.5,254
3307.0,2025-07-08,3334.5,3287.60009765625,3330.39990234375,909
3311.60009765625,2025-07-09,3314.0,3282.0,3289.39990234375,114
3317.39990234375,2025-07-10,3330.5,3311.60009765625,3323.60009765625,209
3356.0,2025-07-11,3370.0,3330.5,3330.5,776
3351.5,2025-07-14,3375.5,3350.0,3367.0,583
3329.800048828125,2025-07-15,3341.0,3329.800048828125,3341.0,210
3352.5,2025-07-16,3352.89990234375,3329.5,3341.199951171875,10
3340.10009765625,2025-07-17,3340.800048828125,3313.800048828125,3313.800048828125,667
3353.0,2025-07-18,3353.0,3338.199951171875,3338.199951171875,602
3401.89990234375,2025-07-21,3411.699951171875,3350.300048828125,3350.300048828125,53
3439.199951171875,2025-07-22,3441.0,3395.60009765625,3411.0,39
3394.10009765625,2025-07-23,3433.89990234375,3388.10009765625,3430.300048828125,63
3371.0,2025-07-24,3371.0,3367.0,3367.0,1175
3334.0,2025-07-25,3345.0,3326.5,3344.0,67
3309.10009765625,2025-07-28,3326.800048828125,3309.10009765625,3326.60009765625,533
3323.39990234375,2025-07-29,3323.39990234375,3323.39990234375,3323.39990234375,113144
3295.800048828125,2025-07-30,3331.800048828125,3263.89990234375,3325.800048828125,19252
3293.199951171875,2025-07-31,3312.0,3272.89990234375,3272.89990234375,3704
3347.699951171875,2025-08-01,3360.60009765625,3281.0,3286.199951171875,3420
3374.39990234375,2025-08-04,3386.5,3347.39990234375,3367.60009765625,351
3381.89990234375,2025-08-05,3387.199951171875,3351.199951171875,3378.5,915
3380.0,2025-08-06,3383.300048828125,3361.300048828125,3380.699951171875,1492
3400.300048828125,2025-08-07,3422.89990234375,3384.89990234375,3384.89990234375,5464
3439.10009765625,2025-08-08,3477.0,3402.5,3438.800048828125,7657
3353.10009765625,2025-08-11,3383.89990234375,3349.199951171875,3383.89990234375,1488
3348.89990234375,2025-08-12,3356.199951171875,3330.10009765625,3356.199951171875,1611
3358.699951171875,2025-08-13,3363.39990234375,3358.699951171875,3358.800048828125,1011
3335.199951171875,2025-08-14,3356.0,3328.89990234375,3346.800048828125,592
3336.0,2025-08-15,3346.800048828125,3335.89990234375,3346.800048828125,1185
3331.699951171875,2025-08-18,3347.800048828125,3331.699951171875,3333.5,646
3313.39990234375,2025-08-19,3343.5,3313.39990234375,3330.199951171875,1655
3343.39990234375,2025-08-20,3343.5,3310.10009765625,3310.60009765625,1213
3336.89990234375,2025-08-21,3349.39990234375,3326.5,3349.39990234375,142
3374.39990234375,2025-08-22,3377.699951171875,3349.39990234375,3349.39990234375,1240
3373.800048828125,2025-08-25,3378.0,3366.0,3366.0,1044
3388.60009765625,2025-08-26,3396.5,3371.10009765625,3378.89990234375,905
3404.60009765625,2025-08-27,3404.60009765625,3382.0,3397.0,3222
3431.800048828125,2025-08-28,3434.60009765625,3400.0,3409.0,1035
3473.699951171875,2025-08-29,3475.60009765625,3426.60009765625,3432.5,0
3549.39990234375,2025-09-02,3559.199951171875,3485.699951171875,3485.699951171875,658
3593.199951171875,2025-09-03,3593.699951171875,3553.199951171875,3554.800048828125,72
3565.800048828125,2025-09-04,3573.60009765625,3549.89990234375,3549.89990234375,237
3613.199951171875,2025-09-05,3613.199951171875,3567.800048828125,3567.800048828125,925
3638.10009765625,2025-09-08,3641.0,3590.0,3594.5,97
3643.300048828125,2025-09-09,3670.39990234375,3627.800048828125,3647.10009765625,535
3643.60009765625,2025-09-10,3655.39990234375,3620.800048828125,3625.0,136
3636.89990234375,2025-09-11,3636.89990234375,3618.39990234375,3632.89990234375,307
3649.39990234375,2025-09-12,3656.800048828125,3643.0,3655.5,1300
3682.199951171875,2025-09-15,3686.39990234375,3635.10009765625,3640.0,210
3688.89990234375,2025-09-16,3698.60009765625,3681.39990234375,3681.39990234375,373
3681.800048828125,2025-09-17,3685.199951171875,3661.60009765625,3669.0,183
3643.699951171875,2025-09-18,3667.39990234375,3637.0,3654.60009765625,80
3671.5,2025-09-19,3685.89990234375,3658.199951171875,3659.0,211
3740.699951171875,2025-09-22,3748.199951171875,3688.0,3688.199951171875,410
3780.60009765625,2025-09-23,3786.0,3740.0,3747.0,627
3732.10009765625,2025-09-24,3772.5,3732.10009765625,3769.800048828125,588
3736.89990234375,2025-09-25,3756.0,3724.699951171875,3742.800048828125,1899
3775.300048828125,2025-09-26,3775.300048828125,3775.300048828125,3775.300048828125,19308
3820.89990234375,2025-09-29,3827.60009765625,3754.800048828125,3754.800048828125,8860
3840.800048828125,2025-09-30,3865.5,3793.39990234375,3827.5,1611
3867.5,2025-10-01,3891.89990234375,3853.300048828125,3863.5,1778
3839.699951171875,2025-10-02,3888.60009765625,3823.699951171875,3856.199951171875,3418
3880.800048828125,2025-10-03,3886.800048828125,3853.699951171875,3855.199951171875,392
3948.5,2025-10-06,3960.0,3926.800048828125,3931.300048828125,1267
3976.60009765625,2025-10-07,3981.5,3940.0,3959.39990234375,2903
4043.300048828125,2025-10-08,4049.199951171875,3987.199951171875,3987.199951171875,2179
3946.300048828125,2025-10-09,4046.199951171875,3940.0,4011.199951171875,3130
3975.89990234375,2025-10-10,4012.0,3945.5,3957.0,1697
4108.60009765625,2025-10-13,4111.0,4016.0,4016.0,1697
4138.7001953125,2025-10-14,4160.10009765625,4085.800048828125,4131.7001953125,2424
4176.89990234375,2025-10-15,4210.60009765625,4145.0,4145.0,3287
4280.2001953125,2025-10-16,4307.0,4196.60009765625,4198.7998046875,4705
4189.89990234375,2025-10-17,4358.0,4182.2001953125,4354.7001953125,4060
4336.39990234375,2025-10-20,4356.60009765625,4214.60009765625,4244.10009765625,1750
4087.699951171875,2025-10-21,4332.7001953125,4087.699951171875,4332.7001953125,2943
4044.39990234375,2025-10-22,4148.5,4006.0,4109.7001953125,1237
4125.5,2025-10-23,4136.7998046875,4070.699951171875,4078.39990234375,354
4118.39990234375,2025-10-24,4120.60009765625,4074.89990234375,4117.5,123
4001.89990234375,2025-10-27,4078.60009765625,3971.300048828125,4060.0,220
3966.199951171875,2025-10-28,3966.199951171875,3923.60009765625,3929.699951171875,219
3983.699951171875,2025-10-29,3983.699951171875,3983.699951171875,3983.699951171875,1344
4001.300048828125,2025-10-30,4027.199951171875,3913.699951171875,3960.0,935
3982.199951171875,2025-10-31,4034.5,3976.60009765625,4034.5,559
4000.300048828125,2025-11-03,4020.0,3959.0,3976.199951171875,0
3947.699951171875,2025-11-04,3995.39990234375,3927.39990234375,3994.199951171875,657
3980.300048828125,2025-11-05,3983.5,3929.89990234375,3929.89990234375,559
3979.89990234375,2025-11-06,4007.5,3979.89990234375,4004.0,650
3999.39990234375,2025-11-07,3999.39990234375,3980.800048828125,3980.800048828125,245
4111.7998046875,2025-11-10,4111.7998046875,4060.0,4060.0,189
4106.7998046875,2025-11-11,4140.10009765625,4106.7998046875,4140.10009765625,569
4204.39990234375,2025-11-12,4204.39990234375,4102.89990234375,4115.60009765625,396
4186.89990234375,2025-11-13,4228.7001953125,4163.7001953125,4228.7001953125,167
4087.60009765625,2025-11-14,4197.89990234375,4047.0,4197.7001953125,483
4068.300048828125,2025-11-17,4099.5,4019.39990234375,4070.0,1552
4061.300048828125,2025-11-18,4063.39990234375,4035.60009765625,4037.39990234375,1375
4077.699951171875,2025-11-19,4122.7001953125,4072.0,4086.10009765625,486
4056.5,2025-11-20,4090.39990234375,4040.199951171875,4045.0,202
4076.699951171875,2025-11-21,4085.199951171875,4031.800048828125,4031.800048828125,171
4091.89990234375,2025-11-24,4091.89990234375,4060.5,4060.5,591
4139.2001953125,2025-11-25,4139.2001953125,4139.2001953125,4139.2001953125,132704
4165.2001953125,2025-11-26,4171.0,4127.5,4128.60009765625,25088
4218.2998046875,2025-11-28,4223.89990234375,4140.0,4163.39990234375,3615
4239.2998046875,2025-12-01,4262.10009765625,4214.89990234375,4218.5,913
4186.60009765625,2025-12-02,4230.5,4167.0,4230.5,366
4199.2998046875,2025-12-03,4234.10009765625,4195.7001953125,4215.7001953125,1897
4211.7998046875,2025-12-04,4211.7998046875,4175.0,4211.0,616
4212.89990234375,2025-12-05,4255.7001953125,4194.5,4204.10009765625,533
4187.2001953125,2025-12-08,4215.7998046875,4175.5,4205.5,318
4206.7001953125,2025-12-09,4219.7001953125,4177.7001953125,4190.7001953125,660
4196.39990234375,2025-12-10,4234.5,4183.60009765625,4209.0,692
4285.5,2025-12-11,4286.89990234375,4214.2998046875,4224.0,528
4300.10009765625,2025-12-12,4355.0,4260.0,4276.39990234375,1531
4306.7001953125,2025-12-15,4349.2001953125,4292.89990234375,4308.2998046875,854
4304.5,2025-12-16,4321.39990234375,4270.5,4270.5,1796
4347.5,2025-12-17,4351.39990234375,4308.5,4308.5,2169
4339.5,2025-12-18,4348.10009765625,4328.2001953125,4331.0,705
4361.39990234375,2025-12-19,4361.39990234375,4350.10009765625,4350.10009765625,1065
4444.60009765625,2025-12-22,4447.60009765625,4371.10009765625,4371.10009765625,449
4482.7998046875,2025-12-23,4503.7998046875,4450.39990234375,4503.2998046875,694
4480.60009765625,2025-12-24,4503.39990234375,4468.39990234375,4500.7001953125,500
4529.10009765625,2025-12-26,4556.2998046875,4502.0,4512.0,263
4325.10009765625,2025-12-29,4379.0,4325.10009765625,4371.5,2044
4370.10009765625,2025-12-30,4403.60009765625,4338.0,4346.39990234375,1837
4325.60009765625,2025-12-31,4363.7998046875,4285.0,4333.5,785
4314.39990234375,2026-01-02,4350.60009765625,4314.39990234375,4350.60009765625,589
4436.89990234375,2026-01-05,4443.5,4384.7998046875,4386.7001953125,618
4482.2001953125,2026-01-06,4482.2001953125,4449.0,4449.7001953125,459
4449.2998046875,2026-01-07,4450.0,4449.2998046875,4450.0,972
4449.7001953125,2026-01-08,4461.2998046875,4418.0,4460.2001953125,2423
4490.2998046875,2026-01-09,4490.2998046875,4473.0,4473.0,237
4604.2998046875,2026-01-12,4620.0,4577.7998046875,4579.10009765625,156
4589.2001953125,2026-01-13,4617.10009765625,4578.60009765625,4578.60009765625,239
4626.2998046875,2026-01-14,4635.0,4608.2001953125,4610.2998046875,1313
4616.2998046875,2026-01-15,4616.2998046875,4612.89990234375,4612.89990234375,4358
4588.39990234375,2026-01-16,4608.0,4588.39990234375,4608.0,352
4759.60009765625,2026-01-20,4764.0,4661.7998046875,4662.2001953125,175
4831.7998046875,2026-01-21,4872.2998046875,4771.5,4863.5,1706
4908.7998046875,2026-01-22,4908.7998046875,4791.89990234375,4791.89990234375,1175
4976.2001953125,2026-01-23,4976.2001953125,4936.0,4949.60009765625,169
5079.7001953125,2026-01-26,5095.60009765625,5052.2001953125,5081.5,180
5079.89990234375,2026-01-27,5079.89990234375,5079.89990234375,5079.89990234375,34
5301.60009765625,2026-01-28,5301.60009765625,5301.60009765625,5301.60009765625,112054
5318.39990234375,2026-01-29,5586.2001953125,5097.5,5415.7001953125,23709
4713.89990234375,2026-01-30,5440.5,4700.0,5376.39990234375,8374
4622.5,2026-02-02,4855.7998046875,4400.0,4807.7001953125,3588
4903.7001953125,2026-02-03,4984.60009765625,4674.2998046875,4680.0,1213
4920.39990234375,2026-02-04,5082.2001953125,4897.89990234375,4923.2998046875,3886
4861.39990234375,2026-02-05,5012.2998046875,4786.0,5008.7001953125,793
4951.2001953125,2026-02-06,4958.5,4655.0,4762.0,1386
5050.89990234375,2026-02-09,5065.7001953125,4979.10009765625,5017.39990234375,170
5003.7998046875,2026-02-10,5029.0,5002.7001953125,5013.5,281
5071.60009765625,2026-02-11,5111.2998046875,5041.2998046875,5049.89990234375,2681
4923.7001953125,2026-02-12,5078.10009765625,4892.0,5060.39990234375,484
5022.0,2026-02-13,5043.89990234375,4946.2001953125,4953.0,232
4882.89990234375,2026-02-17,5020.0,4847.7998046875,5020.0,540
4986.5,2026-02-18,4987.0,4869.5,4872.2001953125,544
4975.89990234375,2026-02-19,5014.7001953125,4975.89990234375,5014.7001953125,37
5059.2998046875,2026-02-20,5072.7001953125,5039.5,5039.5,134
5204.7001953125,2026-02-23,5211.60009765625,5120.2998046875,5120.2998046875,779
5155.7998046875,2026-02-24,5159.0,5112.7001953125,5158.7998046875,88
5206.39990234375,2026-02-25,5206.39990234375,5166.0,5166.0,1772
5176.5,2026-02-26,5199.2001953125,5143.89990234375,5177.2001953125,1520
5230.5,2026-02-27,5280.0,5176.7001953125,5186.7001953125,354
5294.39990234375,2026-03-02,5405.0,5266.2998046875,5346.60009765625,72
5107.39990234375,2026-03-03,5303.7998046875,5023.0,5298.7001953125,1776
5120.2001953125,2026-03-04,5180.2001953125,5117.2001953125,5130.7001953125,679
5065.2998046875,2026-03-05,5169.5,5054.7001953125,5169.5,1701
5146.10009765625,2026-03-06,5146.10009765625,5076.10009765625,5121.0,148
5091.5,2026-03-09,5160.60009765625,5077.7001953125,5155.0,639
5229.7001953125,2026-03-10,5229.7001953125,5137.60009765625,5138.2001953125,4300
5167.39990234375,2026-03-11,5191.2998046875,5167.39990234375,5190.7998046875,633
5115.7998046875,2026-03-12,5137.2001953125,5115.7998046875,5137.2001953125,410
5052.5,2026-03-13,5117.0,5009.5,5089.60009765625,479
4994.0,2026-03-16,5010.60009765625,4994.0,5001.60009765625,130
5001.0,2026-03-17,5017.60009765625,4994.2001953125,5017.60009765625,239
4889.89990234375,2026-03-18,4949.60009765625,4821.7001953125,4949.60009765625,1461
4600.7001953125,2026-03-19,4830.2998046875,4554.0,4830.2998046875,627
4570.39990234375,2026-03-20,4686.89990234375,4570.39990234375,4686.89990234375,235
4404.10009765625,2026-03-23,4480.39990234375,4100.7998046875,4353.0,544
4399.2998046875,2026-03-24,4399.2998046875,4325.2001953125,4338.7001953125,378
4549.7998046875,2026-03-25,4551.89990234375,4541.7998046875,4549.0,388
4375.5,2026-03-26,4443.10009765625,4375.5,4441.5,1070
4492.0,2026-03-27,4492.0,4492.0,4492.0,74348
4526.0,2026-03-30,4579.10009765625,4413.39990234375,4482.7998046875,10816
4647.60009765625,2026-03-31,4684.10009765625,4508.60009765625,4510.0,4264
4783.2001953125,2026-04-01,4789.10009765625,4668.0,4668.39990234375,1637
4651.5,2026-04-02,4784.39990234375,4558.89990234375,4764.89990234375,0
4656.7998046875,2026-04-06,4689.60009765625,4605.0,4656.10009765625,148
4657.10009765625,2026-04-07,4676.2998046875,4608.0,4624.89990234375,327
4749.5,2026-04-08,4851.0,4738.7998046875,4760.0,405
4792.2001953125,2026-04-09,4799.10009765625,4711.0,4711.0,1277
4761.89990234375,2026-04-10,4791.0,4744.89990234375,4745.89990234375,812
4742.39990234375,2026-04-13,4742.39990234375,4704.0,4704.0,32
4825.0,2026-04-14,4841.60009765625,4770.10009765625,4770.10009765625,288
4800.0,2026-04-15,4843.60009765625,4798.0,4843.60009765625,182
4785.39990234375,2026-04-16,4810.89990234375,4785.39990234375,4810.89990234375,805
4857.60009765625,2026-04-17,4879.7001953125,4767.2001953125,4771.60009765625,1902
4806.60009765625,2026-04-20,4811.0,4770.0,4793.89990234375,724
4698.39990234375,2026-04-21,4705.0,4676.39990234375,4698.39990234375,1197
4732.5,2026-04-22,4754.2001953125,4732.5,4754.2001953125,765
4705.10009765625,2026-04-23,4732.39990234375,4705.10009765625,4711.5,292
4722.2998046875,2026-04-24,4722.2998046875,4657.5,4695.0,45
4675.39990234375,2026-04-27,4711.10009765625,4675.39990234375,4707.60009765625,538
4591.5,2026-04-28,4680.89990234375,4591.5,4680.89990234375,2660
4545.2001953125,2026-04-29,4601.60009765625,4515.7001953125,4598.60009765625,507
4614.7001953125,2026-04-30,4636.7001953125,4561.89990234375,4561.89990234375,77
4629.89990234375,2026-05-01,4636.7001953125,4581.7001953125,4636.7001953125,113
4519.5,2026-05-04,4581.2001953125,4512.7001953125,4581.2001953125,20
4555.7998046875,2026-05-05,4580.5,4547.60009765625,4547.60009765625,426
4681.89990234375,2026-05-06,4712.60009765625,4663.60009765625,4663.60009765625,212
4699.7998046875,2026-05-07,4736.2001953125,4699.7998046875,4704.7998046875,254
4720.39990234375,2026-05-08,4724.7998046875,4713.60009765625,4714.39990234375,120
4718.7001953125,2026-05-11,4729.5,4718.7001953125,4729.5,36
4677.60009765625,2026-05-12,4765.2001953125,4677.60009765625,4762.2001953125,93
4697.7001953125,2026-05-13,4722.7001953125,4679.5,4722.7001953125,228
4678.10009765625,2026-05-14,4678.10009765625,4650.2998046875,4678.10009765625,5
4555.7998046875,2026-05-15,4615.2001953125,4524.2998046875,4615.2001953125,607
4552.5,2026-05-18,4570.2998046875,4538.7001953125,4563.0,38
4506.2998046875,2026-05-19,4552.60009765625,4506.2001953125,4551.7001953125,875
4531.2998046875,2026-05-20,4531.2998046875,4465.10009765625,4502.60009765625,981
4539.7998046875,2026-05-21,4539.7998046875,4503.7998046875,4507.2001953125,426
4521.0,2026-05-22,4530.2998046875,4519.10009765625,4519.5,40
4500.39990234375,2026-05-26,4572.7998046875,4500.39990234375,4572.7998046875,1261
4447.5,2026-05-27,4447.5,4439.7001953125,4439.7001953125,81062
4499.2998046875,2026-05-28,4512.60009765625,4363.5,4453.60009765625,16427
4560.5,2026-05-29,4591.7998046875,4487.89990234375,4494.0,1883
4475.2001953125,2026-06-01,4541.39990234375,4449.7001953125,4523.5,835
4489.10009765625,2026-06-02,4529.5,4474.2001953125,4488.0,456
4436.7001953125,2026-06-03,4471.7001953125,4427.2001953125,4471.2001953125,2913
4475.7998046875,2026-06-04,4509.89990234375,4447.39990234375,4447.39990234375,480
4337.10009765625,2026-06-05,4472.2998046875,4319.10009765625,4472.2998046875,4062
4335.89990234375,2026-06-08,4340.89990234375,4284.60009765625,4324.2001953125,357
4260.0,2026-06-09,4344.5,4240.2001953125,4332.7998046875,1292
4108.2001953125,2026-06-10,4206.7001953125,4100.0,4200.0,525
4090.300048828125,2026-06-11,4209.7998046875,4031.0,4042.89990234375,1938
4215.0,2026-06-12,4225.2998046875,4173.2001953125,4208.2998046875,1167
4328.0,2026-06-15,4362.0,4269.10009765625,4271.2001953125,1666
4330.89990234375,2026-06-16,4345.7998046875,4309.5,4309.5,158
4358.89990234375,2026-06-17,4377.0,4296.0,4339.0,1961
4224.10009765625,2026-06-18,4323.2001953125,4223.7001953125,4279.7998046875,738
4181.89990234375,2026-06-22,4216.39990234375,4134.7998046875,4138.7998046875,1197
4129.89990234375,2026-06-23,4135.2001953125,4118.5,4127.10009765625,252
3990.300048828125,2026-06-24,4104.7001953125,3963.300048828125,4104.39990234375,353
4030.5,2026-06-25,4030.5,3986.699951171875,3988.39990234375,2724
4078.699951171875,2026-06-26,4078.699951171875,4078.699951171875,4078.699951171875,1431
4022.300048828125,2026-06-29,4070.0,4003.199951171875,4057.5,785
4022.89990234375,2026-06-30,4049.699951171875,3962.5,4002.60009765625,1108
4068.300048828125,2026-07-01,4100.0,3963.0,4013.10009765625,770
4112.7001953125,2026-07-02,4140.10009765625,4062.0,4067.5,228
4155.10009765625,2026-07-06,4199.7001953125,4134.2001953125,4175.39990234375,1024
4145.2998046875,2026-07-07,4167.2001953125,4107.2001953125,4126.5,53
4070.89990234375,2026-07-08,4120.2998046875,4053.0,4116.2998046875,292
4130.60009765625,2026-07-09,4130.60009765625,4064.199951171875,4066.39990234375,13
4104.10009765625,2026-07-10,4125.7998046875,4090.60009765625,4122.2998046875,389
3997.0,2026-07-13,4081.0,3985.89990234375,4081.0,679
4061.10009765625,2026-07-14,4091.199951171875,3986.5,3995.699951171875,1281
4044.0,2026-07-15,4070.10009765625,4019.39990234375,4049.10009765625,374
3985.60009765625,2026-07-16,4030.5,3972.60009765625,4030.5,812
4012.699951171875,2026-07-17,4017.199951171875,3964.199951171875,3975.5,141
4010.300048828125,2026-07-20,4018.89990234375,4002.699951171875,4003.39990234375,231
4071.10009765625,2026-07-21,4071.10009765625,3999.699951171875,4002.10009765625,87
4146.89990234375,2026-07-22,4152.10009765625,4096.2001953125,4096.2001953125,133
4046.60009765625,2026-07-23,4130.89990234375,4046.60009765625,4129.89990234375,59
4067.60009765625,2026-07-24,4068.0,4067.60009765625,4067.60009765625,2
4074.5,2026-07-27,4107.89990234375,4072.699951171875,4090.10009765625,36
4036.300048828125,2026-07-28,4036.300048828125,4025.699951171875,4025.699951171875,248
4034.699951171875,2026-07-29,4034.699951171875,4017.89990234375,4018.10009765625,89664
4100.10009765625,2026-07-30,4118.5,4028.5,4060.699951171875,16985
4049.10009765625,2026-07-31,4102.39990234375,4022.39990234375,4102.39990234375,1166
4033.699951171875,2026-08-03,4083.5,4026.5,4083.39990234375,698
4095.39990234375,2026-08-04,4095.39990234375,4048.800048828125,4050.5,426
4245.7998046875,2026-08-05,4262.2001953125,4129.5,4130.0,1349
4242.0,2026-08-06,4297.0,4228.0,4297.0,3101
4340.7001953125,2026-08-07,4371.5,4274.0,4277.0,422
4361.7998046875,2026-08-10,4390.10009765625,4336.10009765625,4336.10009765625,1303
4383.0,2026-08-11,4408.60009765625,4365.10009765625,4408.60009765625,204
4408.89990234375,2026-08-12,4434.0,4406.2998046875,4406.5,660
4363.60009765625,2026-08-13,4445.0,4350.0,4403.5,1491
4380.39990234375,2026-08-14,4397.10009765625,4315.0,4322.10009765625,673
4417.7998046875,2026-08-17,4428.5,4386.5,4394.7998046875,716
4366.0,2026-08-18,4434.10009765625,4330.7001953125,4415.2001953125,1283
4489.39990234375,2026-08-19,4524.10009765625,4327.60009765625,4339.7998046875,1336
4516.2998046875,2026-08-20,4530.0,4486.0,4506.7998046875,478
4624.10009765625,2026-08-21,4624.10009765625,4560.0,4560.0,311
4640.7998046875,2026-08-24,4670.89990234375,4635.10009765625,4638.0,1202
4638.10009765625,2026-08-25,4638.10009765625,4626.2001953125,4630.5,321
4598.2001953125,2026-08-26,4615.2998046875,4598.2001953125,4615.2998046875,1051
4609.7001953125,2026-08-27,4609.7001953125,4609.7001953125,4609.7001953125,5558
4478.10009765625,2026-08-28,4625.5,4451.7998046875,4599.2998046875,1758
4431.10009765625,2026-08-31,4466.89990234375,4410.89990234375,4430.0,360
4348.0,2026-09-01,4402.0,4329.10009765625,4402.0,360
4415.0,2026-09-02,4444.39990234375,4329.2001953125,4377.2001953125,164875
