close,date,high,low,open,volume
57625.0,2024-07-10,59740.0,57365.0,58120.0,6654
57580.0,2024-07-11,59895.0,57235.0,57685.0,7909
57845.0,2024-07-12,58790.0,56685.0,57565.0,6811
63700.0,2024-07-15,64210.0,60845.0,60985.0,13383
65450.0,2024-07-16,65505.0,62680.0,63845.0,11092
64730.0,2024-07-17,66295.0,64015.0,64805.0,8505
63650.0,2024-07-18,65390.0,63340.0,64540.0,7890
67480.0,2024-07-19,67740.0,63430.0,64045.0,17385
68340.0,2024-07-22,68655.0,66670.0,68655.0,13300
65565.0,2024-07-23,68135.0,65495.0,68095.0,12316
65700.0,2024-07-24,67230.0,65535.0,65895.0,10505
64695.0,2024-07-25,65770.0,63440.0,65740.0,8955
67414.7890625,2024-07-26,68010.0,65620.0,65700.0,8446
67860.0,2024-07-29,70825.0,67035.0,68930.0,12489
66385.0,2024-07-30,68135.0,65800.0,67970.0,8097
65685.0,2024-07-31,67360.0,65030.0,66835.0,7240
63790.0,2024-08-01,65720.0,62615.0,65365.0,11015
62945.0,2024-08-02,66065.0,62470.0,65200.0,11759
53770.0,2024-08-05,59445.0,49365.0,58885.0,30884
57145.0,2024-08-06,57420.0,54230.0,54705.0,11490
55000.0,2024-08-07,58030.0,54870.0,56805.0,9708
59695.0,2024-08-08,60240.0,54790.0,55635.0,11456
60990.0,2024-08-09,62970.0,59810.0,60620.0,8408
59200.0,2024-08-12,60910.0,57945.0,59250.0,8516
61105.0,2024-08-13,61895.0,58600.0,59415.0,7446
59080.0,2024-08-14,62200.0,58855.0,61270.0,7782
57220.0,2024-08-15,60050.0,56295.0,59000.0,9285
59990.0,2024-08-16,60130.0,57270.0,57755.0,10524
59200.0,2024-08-19,59810.0,58000.0,59700.0,6577
59670.0,2024-08-20,61650.0,58690.0,59175.0,10871
61730.0,2024-08-21,61995.0,58900.0,59365.0,8981
60350.0,2024-08-22,61700.0,59840.0,61410.0,9974
63815.0,2024-08-23,64000.0,60365.0,60610.0,19987
63330.0,2024-08-26,65200.0,63120.0,64500.0,11300
62055.0,2024-08-27,63510.0,61445.0,63255.0,11849
58950.0,2024-08-28,60485.0,57885.0,60485.0,13769
59275.0,2024-08-29,61235.0,58825.0,59220.0,9497
59165.640625,2024-08-30,59900.0,58700.0,59020.0,9451
58240.0,2024-09-03,60185.0,57315.0,58645.0,11642
58355.0,2024-09-04,58840.0,55725.0,58365.0,10982
56215.0,2024-09-05,58665.0,55955.0,58485.0,10653
53695.0,2024-09-06,57270.0,52820.0,56375.0,14268
57410.0,2024-09-09,57480.0,54545.0,54565.0,14268
58195.0,2024-09-10,58265.0,56610.0,57500.0,6715
57860.0,2024-09-11,58210.0,55645.0,57765.0,12196
58580.0,2024-09-12,58755.0,57415.0,57545.0,7146
59935.0,2024-09-13,60245.0,57810.0,58180.0,9727
57985.0,2024-09-16,59920.0,57550.0,59920.0,9573
60105.0,2024-09-17,61560.0,57665.0,58020.0,14607
60140.0,2024-09-18,61495.0,59270.0,60395.0,10263
63415.0,2024-09-19,64045.0,60345.0,60420.0,11001
62935.0,2024-09-20,64200.0,62430.0,63000.0,10825
63360.0,2024-09-23,64835.0,62430.0,62935.0,10084
64460.0,2024-09-24,64720.0,62745.0,63360.0,12625
63200.0,2024-09-25,64975.0,63005.0,64205.0,10119
64735.0,2024-09-26,65920.0,62670.0,63440.0,11420
66196.90625,2024-09-27,66240.0,64860.0,65185.0,10156
63745.0,2024-09-30,66400.0,63340.0,66285.0,12426
61965.0,2024-10-01,64430.0,60450.0,64040.0,13503
60430.0,2024-10-02,62665.0,60265.0,61360.0,9309
61295.0,2024-10-03,61685.0,60070.0,61000.0,6977
62715.0,2024-10-04,63085.0,60635.0,61125.0,7563
63560.0,2024-10-07,64770.0,62615.0,62675.0,8352
62400.0,2024-10-08,63600.0,61995.0,63600.0,6539
61115.0,2024-10-09,62720.0,60440.0,62545.0,6181
59795.0,2024-10-10,61450.0,58945.0,60920.0,8549
63305.0,2024-10-11,63675.0,59990.0,60220.0,12263
66145.0,2024-10-14,66580.0,62645.0,63150.0,13384
67220.0,2024-10-15,68225.0,65005.0,65950.0,15057
67925.0,2024-10-16,68695.0,66665.0,66670.0,8332
66905.0,2024-10-17,68150.0,66765.0,67810.0,7484
68785.0,2024-10-18,69255.0,67245.0,67245.0,12552
67790.0,2024-10-21,69635.0,66855.0,69295.0,14146
67490.0,2024-10-22,67860.0,66565.0,67780.0,10746
66360.0,2024-10-23,67870.0,65210.0,67610.0,12272
68215.0,2024-10-24,68345.0,66330.0,66430.0,6809
68430.5078125,2024-10-25,68685.0,67315.0,68500.0,10944
70300.0,2024-10-28,70600.0,68070.0,68185.0,8448
73340.0,2024-10-29,74485.0,70460.0,70500.0,13100
72535.0,2024-10-30,73775.0,72135.0,73170.0,7999
70465.0,2024-10-31,73600.0,70080.0,73290.0,11205
69730.0,2024-11-01,72190.0,69230.0,70885.0,11898
67680.0,2024-11-04,69785.0,67140.0,69000.0,10301
69860.0,2024-11-05,70980.0,67740.0,68250.0,8871
76875.0,2024-11-06,77140.0,69645.0,70000.0,29081
77180.0,2024-11-07,77535.0,75070.0,76395.0,11723
77360.0,2024-11-08,77930.0,76225.0,76510.0,10585
87735.0,2024-11-11,89140.0,80670.0,81210.0,22345
90090.0,2024-11-12,90725.0,85890.0,88735.0,21811
90255.0,2024-11-13,94065.0,86925.0,89320.0,20471
87920.0,2024-11-14,92335.0,87345.0,89990.0,12045
91985.0,2024-11-15,92350.0,87005.0,87970.0,12201
92060.0,2024-11-18,93215.0,89755.0,90195.0,12505
93060.0,2024-11-19,94715.0,90770.0,91840.0,14591
94740.0,2024-11-20,95565.0,92005.0,92330.0,13156
98735.0,2024-11-21,99575.0,94290.0,94665.0,20641
99485.0,2024-11-22,100170.0,97430.0,98860.0,17264
94945.0,2024-11-25,99275.0,93490.0,98555.0,18093
90995.0,2024-11-26,95225.0,90785.0,94350.0,15780
96785.0,2024-11-27,97500.0,91475.0,91695.0,10755
98339.7578125,2024-11-29,98560.0,94760.0,96415.0,9278
96635.0,2024-12-02,99565.0,95270.0,98875.0,12122
96535.0,2024-12-03,97395.0,94435.0,96380.0,9601
99915.0,2024-12-04,100280.0,95390.0,97040.0,13087
99775.0,2024-12-05,105325.0,98610.0,99390.0,19550
102435.0,2024-12-06,102990.0,96155.0,97320.0,11218
96790.0,2024-12-09,102265.0,94640.0,101300.0,14138
96975.0,2024-12-10,98985.0,94785.0,97490.0,11149
102150.0,2024-12-11,102465.0,96290.0,97550.0,13648
100405.0,2024-12-12,103225.0,99775.0,102000.0,12579
102300.0,2024-12-13,102605.0,99620.0,100875.0,11146
106560.0,2024-12-16,108475.0,103670.0,103670.0,15357
107190.0,2024-12-17,108960.0,106000.0,106395.0,11429
100870.0,2024-12-18,106960.0,100325.0,106500.0,18669
96505.0,2024-12-19,103190.0,95765.0,101385.0,19910
96600.0,2024-12-20,98435.0,92355.0,98415.0,20236
93270.0,2024-12-23,96595.0,92460.0,95730.0,14664
99100.0,2024-12-24,99685.0,93545.0,95015.0,10649
95525.0,2024-12-26,99995.0,95095.0,98555.0,8202
94568.296875,2024-12-27,97045.0,94450.0,95785.0,7880
94955.0,2024-12-30,95580.0,91735.0,93995.0,8813
94120.0,2024-12-31,97010.0,92615.0,93280.0,5745
98190.0,2025-01-02,98735.0,94830.0,95270.0,8727
99230.0,2025-01-03,99920.0,96770.0,97710.0,6396
103150.0,2025-01-06,103565.0,98660.0,99450.0,11431
96785.0,2025-01-07,103685.0,96525.0,103020.0,16649
94230.0,2025-01-08,97565.0,92745.0,97520.0,9662
92140.0,2025-01-09,95640.0,91300.0,95560.0,8380
95210.0,2025-01-10,96375.0,92350.0,92675.0,12066
93905.0,2025-01-13,96420.0,89525.0,94500.0,16032
96905.0,2025-01-14,97810.0,94550.0,94700.0,11867
100060.0,2025-01-15,101240.0,96855.0,96990.0,12804
100700.0,2025-01-16,101425.0,97555.0,100125.0,10448
105280.0,2025-01-17,106575.0,100190.0,100265.0,13868
106400.0,2025-01-21,110150.0,99745.0,103510.0,31624
104430.0,2025-01-22,106615.0,103465.0,106395.0,10580
103415.0,2025-01-23,107100.0,101280.0,104230.0,26998
105060.0,2025-01-24,107485.0,102860.0,103970.0,16363
101495.0,2025-01-27,104695.0,97650.0,104695.0,25893
101205.0,2025-01-28,103870.0,100300.0,101730.0,14163
104315.0,2025-01-29,104920.0,100950.0,101185.0,10656
104960.0,2025-01-30,106570.0,103345.0,103840.0,9557
105260.3984375,2025-01-31,105280.0,103875.0,105280.0,13151
101965.0,2025-02-03,102875.0,91455.0,98445.0,23146
99185.0,2025-02-04,102635.0,97035.0,102615.0,12852
97710.0,2025-02-05,99735.0,96880.0,98195.0,7679
97285.0,2025-02-06,99765.0,96030.0,96990.0,9256
95990.0,2025-02-07,100765.0,95890.0,97260.0,11785
97680.0,2025-02-10,98755.0,95505.0,95990.0,7178
95425.0,2025-02-11,98960.0,95065.0,97725.0,8935
97395.0,2025-02-12,98295.0,94285.0,95925.0,9596
96510.0,2025-02-13,98440.0,95370.0,98300.0,10729
97555.0,2025-02-14,99350.0,96440.0,96640.0,9907
94055.0,2025-02-18,97200.0,93305.0,97110.0,15289
96305.0,2025-02-19,96890.0,95065.0,95205.0,10523
98705.0,2025-02-20,98990.0,96515.0,96890.0,11812
94675.0,2025-02-21,99765.0,94580.0,98455.0,20717
93990.0,2025-02-24,96625.0,93570.0,95650.0,14306
87945.0,2025-02-25,92755.0,85820.0,92755.0,22693
84285.0,2025-02-26,89285.0,82185.0,88695.0,15942
83375.0,2025-02-27,87015.0,82600.0,84250.0,8586
83592.75,2025-02-28,84890.0,78330.0,84590.0,17881
86315.0,2025-03-03,95705.0,85485.0,95000.0,14921
87330.0,2025-03-04,89380.0,81815.0,86970.0,14112
90935.0,2025-03-05,91530.0,86750.0,87825.0,9646
89460.0,2025-03-06,93210.0,88155.0,91075.0,9412
87250.0,2025-03-07,91665.0,84790.0,90590.0,18525
79025.0,2025-03-10,84200.0,77530.0,82110.0,14120
83395.0,2025-03-11,83850.0,76735.0,79600.0,11375
83155.0,2025-03-12,84650.0,80740.0,83385.0,9080
80245.0,2025-03-13,84550.0,80040.0,83335.0,8097
84840.0,2025-03-14,85595.0,80760.0,80820.0,10850
84610.0,2025-03-17,84925.0,82175.0,82945.0,6936
82230.0,2025-03-18,84390.0,81120.0,84225.0,8993
85635.0,2025-03-19,86145.0,82075.0,82120.0,10604
84195.0,2025-03-20,87650.0,83655.0,86015.0,8120
83955.0,2025-03-21,84865.0,83140.0,84415.0,9024
88415.0,2025-03-24,88865.0,85135.0,85135.0,12501
88155.0,2025-03-25,88595.0,86315.0,88265.0,10595
86525.0,2025-03-26,88355.0,85810.0,87960.0,8212
87025.0,2025-03-27,87785.0,85805.0,87130.0,7634
84201.0,2025-03-28,87605.0,83855.0,87605.0,11000
82710.0,2025-03-31,84250.0,81485.0,82505.0,7917
85350.0,2025-04-01,85955.0,82485.0,82805.0,11676
87375.0,2025-04-02,89020.0,84285.0,85600.0,11509
82165.0,2025-04-03,85240.0,81400.0,85135.0,12706
84350.0,2025-04-04,85060.0,81890.0,82845.0,14524
78245.0,2025-04-07,81450.0,74635.0,79590.0,24238
76815.0,2025-04-08,81100.0,76390.0,79490.0,13587
82615.0,2025-04-09,83550.0,74655.0,77065.0,17299
79695.0,2025-04-10,83880.0,78495.0,83410.0,12134
84095.0,2025-04-11,84490.0,79055.0,79750.0,12142
85165.0,2025-04-14,86045.0,83205.0,83765.0,7593
84160.0,2025-04-15,86755.0,83970.0,85005.0,6196
84535.0,2025-04-16,85745.0,83190.0,84435.0,8532
85110.0,2025-04-17,85700.0,83905.0,84680.0,8467
87535.0,2025-04-21,88785.0,84790.0,85235.0,17367
91660.0,2025-04-22,91970.0,87070.0,87450.0,16180
93605.0,2025-04-23,94745.0,92005.0,93010.0,12543
93625.0,2025-04-24,93950.0,91785.0,93645.0,6923
95127.0,2025-04-25,95150.0,92890.0,93450.0,7972
95505.0,2025-04-28,96470.0,93550.0,95280.0,7250
95980.0,2025-04-29,96275.0,94910.0,95220.0,5127
94695.0,2025-04-30,96040.0,93445.0,95410.0,8406
97205.0,2025-05-01,98305.0,94635.0,94980.0,9122
97505.0,2025-05-02,98615.0,96885.0,97245.0,6982
94730.0,2025-05-05,96455.0,93945.0,96455.0,7425
95410.0,2025-05-06,95640.0,93685.0,95155.0,5208
96655.0,2025-05-07,98200.0,95070.0,95080.0,8984
101780.0,2025-05-08,103300.0,97350.0,97720.0,10301
103635.0,2025-05-09,104825.0,102785.0,103110.0,7123
102115.0,2025-05-12,106270.0,101060.0,104685.0,10215
105265.0,2025-05-13,105480.0,101820.0,102865.0,6162
103620.0,2025-05-14,104955.0,102930.0,104870.0,6062
103500.0,2025-05-15,104590.0,101705.0,103945.0,7004
104425.0,2025-05-16,104990.0,103525.0,103660.0,5046
105880.0,2025-05-19,107530.0,102350.0,104425.0,11476
107360.0,2025-05-20,107680.0,104435.0,105820.0,9238
108960.0,2025-05-21,110175.0,106340.0,106885.0,14024
111440.0,2025-05-22,112345.0,108605.0,108820.0,12565
108885.0,2025-05-23,112060.0,107580.0,111190.0,12169
110025.0,2025-05-27,110980.0,107495.0,107540.0,16538
107005.0,2025-05-28,109425.0,106770.0,109185.0,9036
105645.0,2025-05-29,109030.0,105565.0,107470.0,9525
105462.0,2025-05-30,106360.0,104800.0,106235.0,8271
105005.0,2025-06-02,106540.0,104100.0,105835.0,6536
106850.0,2025-06-03,107495.0,105390.0,105600.0,7557
105485.0,2025-06-04,106520.0,104595.0,105920.0,7286
102215.0,2025-06-05,106555.0,100815.0,105340.0,0
104770.0,2025-06-06,105945.0,101390.0,101865.0,10118
109125.0,2025-06-09,109340.0,105735.0,106550.0,7419
109980.0,2025-06-10,110890.0,108720.0,110375.0,7095
109160.0,2025-06-11,110855.0,108765.0,110225.0,6715
107095.0,2025-06-12,109240.0,106130.0,108785.0,8880
105380.0,2025-06-13,106630.0,103010.0,106310.0,11304
108920.0,2025-06-16,109250.0,105060.0,105080.0,7846
104910.0,2025-06-17,109305.0,103520.0,108930.0,12013
103965.0,2025-06-18,105740.0,103620.0,104690.0,0
103420.0,2025-06-20,106725.0,102425.0,105105.0,12592
103295.0,2025-06-23,104075.0,99090.0,99640.0,15341
105745.0,2025-06-24,106430.0,103850.0,103965.0,11444
107840.0,2025-06-25,108300.0,105955.0,106085.0,9440
107605.0,2025-06-26,108370.0,106655.0,107635.0,6502
106689.0,2025-06-27,107850.0,106455.0,107235.0,7519
108235.0,2025-06-30,109565.0,107195.0,108300.0,8524
105750.0,2025-07-01,108105.0,105550.0,107770.0,8266
110285.0,2025-07-02,110455.0,105440.0,106125.0,12710
110415.0,2025-07-03,111220.0,109200.0,110105.0,0
108125.0,2025-07-04,110525.0,107865.0,110465.0,0
108455.0,2025-07-07,110265.0,107840.0,109640.0,8811
109215.0,2025-07-08,109685.0,107680.0,108545.0,6070
112245.0,2025-07-09,112590.0,108625.0,109400.0,10179
113870.0,2025-07-10,114380.0,110880.0,111425.0,9952
118530.0,2025-07-11,119450.0,115635.0,117005.0,13508
120235.0,2025-07-14,123615.0,118675.0,119265.0,13303
116740.0,2025-07-15,120695.0,116090.0,120325.0,14057
119630.0,2025-07-16,120360.0,117255.0,117510.0,12242
119290.0,2025-07-17,120265.0,117720.0,119830.0,8349
117565.0,2025-07-18,121165.0,117035.0,120600.0,12472
116820.0,2025-07-21,119850.0,116635.0,118225.0,13537
119505.0,2025-07-22,120535.0,116275.0,117255.0,15169
118555.0,2025-07-23,120540.0,117430.0,119830.0,9634
119035.0,2025-07-24,119780.0,117305.0,118400.0,8605
115485.0,2025-07-25,118760.0,114720.0,118680.0,11239
119010.0,2025-07-28,121255.0,118295.0,120065.0,7710
118295.0,2025-07-29,120415.0,117715.0,119120.0,6904
117620.0,2025-07-30,119740.0,116460.0,118460.0,9059
117435.0,2025-07-31,119785.0,117095.0,117985.0,8517
113570.0,2025-08-01,117125.0,113440.0,117055.0,13519
115285.0,2025-08-04,116315.0,114300.0,114365.0,6446
114155.0,2025-08-05,115870.0,113045.0,115700.0,6224
115830.0,2025-08-06,116330.0,113860.0,114055.0,5863
118165.0,2025-08-07,118240.0,114685.0,115635.0,8082
116955.0,2025-08-08,118405.0,116295.0,117750.0,6741
119465.0,2025-08-11,122955.0,118975.0,119170.0,11073
120155.0,2025-08-12,120755.0,118600.0,119185.0,6998
123430.0,2025-08-13,123755.0,119295.0,120435.0,9742
118415.0,2025-08-14,125200.0,117610.0,123260.0,14464
117235.0,2025-08-15,119810.0,117175.0,118180.0,6722
116600.0,2025-08-18,118350.0,114925.0,117995.0,6712
113235.0,2025-08-19,117315.0,112820.0,116980.0,9349
114465.0,2025-08-20,114640.0,112485.0,113520.0,7322
112285.0,2025-08-21,115030.0,112075.0,114520.0,6532
116850.0,2025-08-22,117640.0,111805.0,112750.0,14666
110910.0,2025-08-25,113800.0,109590.0,113450.0,13329
111230.0,2025-08-26,111495.0,108845.0,110005.0,10272
112220.0,2025-08-27,112785.0,110420.0,111645.0,6848
112025.0,2025-08-28,113540.0,111020.0,111590.0,7560
108654.0,2025-08-29,112675.0,108465.0,112165.0,0
111385.0,2025-09-02,112410.0,107790.0,109545.0,10621
112830.0,2025-09-03,113215.0,111150.0,111725.0,5467
110245.0,2025-09-04,112840.0,109720.0,112710.0,6606
111955.0,2025-09-05,113810.0,110480.0,110950.0,9208
112480.0,2025-09-08,113420.0,111000.0,111320.0,5280
111695.0,2025-09-09,113840.0,111015.0,112820.0,8145
113975.0,2025-09-10,114925.0,111230.0,111690.0,9346
114930.0,2025-09-11,115195.0,113590.0,114360.0,5866
117265.0,2025-09-12,117320.0,114850.0,114915.0,6959
115575.0,2025-09-15,117240.0,114635.0,116625.0,7998
117090.0,2025-09-16,117335.0,114960.0,115800.0,6283
115825.0,2025-09-17,117685.0,114850.0,117205.0,9267
117770.0,2025-09-18,118295.0,116115.0,116115.0,9064
115265.0,2025-09-19,117795.0,115220.0,117565.0,10741
112250.0,2025-09-22,115655.0,111970.0,115525.0,14288
111715.0,2025-09-23,113470.0,111550.0,113060.0,11325
113480.0,2025-09-24,114090.0,111060.0,112170.0,9099
109385.0,2025-09-25,113775.0,108555.0,113480.0,10692
109196.0,2025-09-26,109795.0,108715.0,109455.0,6790
115230.0,2025-09-29,115340.0,111355.0,111355.0,8691
115185.0,2025-09-30,115765.0,113460.0,115045.0,5668
118285.0,2025-10-01,119145.0,114570.0,115065.0,7808
121910.0,2025-10-02,122040.0,118470.0,118470.0,7472
123635.0,2025-10-03,125025.0,120405.0,121295.0,9012
126315.0,2025-10-06,127240.0,123745.0,123755.0,8255
122355.0,2025-10-07,126295.0,121420.0,126125.0,10266
124070.0,2025-10-08,124940.0,121950.0,122820.0,7275
121620.0,2025-10-09,124465.0,120370.0,123995.0,8681
116990.0,2025-10-10,123270.0,113150.0,122225.0,12111
116380.0,2025-10-13,116515.0,114110.0,115750.0,12111
113085.0,2025-10-14,116385.0,110295.0,116270.0,11836
111550.0,2025-10-15,114040.0,110410.0,113710.0,8352
108445.0,2025-10-16,112280.0,107720.0,111080.0,10146
106675.0,2025-10-17,109470.0,103745.0,108645.0,11773
111075.0,2025-10-20,111945.0,107690.0,109100.0,8615
112105.0,2025-10-21,114380.0,107705.0,110845.0,12978
107945.0,2025-10-22,111065.0,106950.0,111040.0,12764
110420.0,2025-10-23,111555.0,107055.0,107475.0,8957
110740.0,2025-10-24,112355.0,109820.0,109920.0,10724
115070.0,2025-10-27,116570.0,113495.0,113495.0,13226
113745.0,2025-10-28,116285.0,112410.0,114480.0,12376
110630.0,2025-10-29,113775.0,109300.0,113145.0,11725
106440.0,2025-10-30,111785.0,106210.0,111565.0,10752
110431.0,2025-10-31,110810.0,107535.0,107725.0,7573
107070.0,2025-11-03,111290.0,105755.0,110370.0,0
101030.0,2025-11-04,107770.0,99250.0,106960.0,12895
104240.0,2025-11-05,105030.0,99285.0,101575.0,8481
101210.0,2025-11-06,104590.0,100610.0,104150.0,6986
104030.0,2025-11-07,104220.0,99425.0,101650.0,8512
106365.0,2025-11-10,107030.0,104565.0,105120.0,8084
102955.0,2025-11-11,107900.0,102610.0,106410.0,6046
101735.0,2025-11-12,105635.0,101020.0,103160.0,6042
98125.0,2025-11-13,104305.0,97905.0,102160.0,11064
94365.0,2025-11-14,100495.0,94230.0,99705.0,13813
91970.0,2025-11-17,96145.0,91315.0,94320.0,11735
92925.0,2025-11-18,93960.0,89325.0,92175.0,12227
89580.0,2025-11-19,93290.0,88600.0,93185.0,12015
86440.0,2025-11-20,93225.0,86075.0,90560.0,15726
84600.0,2025-11-21,88150.0,80750.0,88080.0,23894
89175.0,2025-11-24,89240.0,85200.0,88220.0,17647
87420.0,2025-11-25,88770.0,86135.0,88690.0,13584
89915.0,2025-11-26,90500.0,86250.0,87585.0,12702
92456.0,2025-11-28,93045.0,90125.0,90480.0,5783
85760.0,2025-12-01,91660.0,84120.0,91620.0,12479
91455.0,2025-12-02,92705.0,86500.0,86935.0,11104
93265.0,2025-12-03,94310.0,91405.0,92300.0,8156
92840.0,2025-12-04,94440.0,91165.0,94195.0,5775
89600.0,2025-12-05,92995.0,88405.0,92590.0,6582
90990.0,2025-12-08,92620.0,89800.0,89820.0,6247
93340.0,2025-12-09,94950.0,89770.0,91090.0,8336
92785.0,2025-12-10,94800.0,91810.0,93040.0,7892
92010.0,2025-12-11,93850.0,89440.0,92715.0,9795
90440.0,2025-12-12,93070.0,89640.0,92725.0,7106
85985.0,2025-12-15,90250.0,85325.0,88575.0,11232
87795.0,2025-12-16,88355.0,85365.0,86305.0,7546
85965.0,2025-12-17,90565.0,85405.0,88015.0,11267
84820.0,2025-12-18,89660.0,84505.0,86445.0,12690
88060.0,2025-12-19,89510.0,85135.0,85585.0,11174
88390.0,2025-12-22,90610.0,87870.0,88570.0,11170
87685.0,2025-12-23,88980.0,86580.0,88570.0,7850
87245.0,2025-12-24,87795.0,86380.0,87180.0,4565
86923.0,2025-12-26,89530.0,86475.0,87555.0,7516
87560.0,2025-12-29,90990.0,87075.0,88200.0,9215
88260.0,2025-12-30,89960.0,87125.0,87670.0,6718
87885.0,2025-12-31,89705.0,87470.0,88825.0,5505
90190.0,2026-01-02,91555.0,88720.0,88775.0,11637
94585.0,2026-01-05,95245.0,91595.0,91595.0,11776
92795.0,2026-01-06,94885.0,91460.0,94525.0,10983
91235.0,2026-01-07,94190.0,90880.0,93730.0,8553
91105.0,2026-01-08,91840.0,89410.0,91280.0,6706
90405.0,2026-01-09,92275.0,89825.0,91510.0,7200
91660.0,2026-01-12,92830.0,90180.0,90720.0,11248
94715.0,2026-01-13,94850.0,91145.0,91330.0,9775
97965.0,2026-01-14,98200.0,94790.0,95905.0,11762
95355.0,2026-01-15,97700.0,95285.0,97250.0,8313
95665.0,2026-01-16,96060.0,94395.0,95660.0,5550
89665.0,2026-01-20,95600.0,89255.0,95340.0,12815
90230.0,2026-01-21,90600.0,87270.0,88495.0,9814
89445.0,2026-01-22,90425.0,88490.0,89890.0,7744
89500.0,2026-01-23,91290.0,88550.0,89430.0,11792
87585.0,2026-01-26,88875.0,85900.0,86560.0,11652
89390.0,2026-01-27,89545.0,87210.0,88065.0,11765
89080.0,2026-01-28,90525.0,88770.0,89240.0,10163
84055.0,2026-01-29,89385.0,83210.0,89270.0,8619
83005.0,2026-01-30,84565.0,81220.0,84355.0,9214
78205.0,2026-02-02,79660.0,74785.0,77730.0,15793
76680.0,2026-02-03,79435.0,73085.0,79000.0,11127
73570.0,2026-02-04,77110.0,72170.0,75825.0,10571
63795.0,2026-02-05,73575.0,62480.0,72550.0,23247
70260.0,2026-02-06,71690.0,60005.0,64065.0,23011
70945.0,2026-02-09,72760.0,68400.0,71310.0,9395
68935.0,2026-02-10,70740.0,68000.0,70520.0,6476
67715.0,2026-02-11,69415.0,65825.0,68810.0,9000
65500.0,2026-02-12,68520.0,65200.0,67635.0,9747
68835.0,2026-02-13,69580.0,65970.0,66240.0,9563
67865.0,2026-02-17,70170.0,66635.0,69120.0,10389
66330.0,2026-02-18,68570.0,65895.0,67625.0,7503
67205.0,2026-02-19,67400.0,65680.0,66425.0,7266
67825.0,2026-02-20,68450.0,66565.0,66970.0,10745
64510.0,2026-02-23,67760.0,63940.0,67665.0,16367
64545.0,2026-02-24,65060.0,62590.0,64655.0,12706
69220.0,2026-02-25,70065.0,63940.0,64230.0,14340
67455.0,2026-02-26,68895.0,66555.0,68465.0,9942
66071.0,2026-02-27,68225.0,65735.0,67660.0,8151
69480.0,2026-03-02,70445.0,65000.0,65405.0,16467
68465.0,2026-03-03,69740.0,66385.0,69545.0,12016
73445.0,2026-03-04,74365.0,67615.0,68600.0,15851
71530.0,2026-03-05,73825.0,70845.0,73075.0,9707
68295.0,2026-03-06,71645.0,67860.0,71390.0,8776
69205.0,2026-03-09,69750.0,65685.0,67085.0,9896
70195.0,2026-03-10,72030.0,68485.0,69175.0,10488
70825.0,2026-03-11,71560.0,69080.0,70005.0,6439
70645.0,2026-03-12,71145.0,69345.0,70910.0,7015
71325.0,2026-03-13,74210.0,70200.0,70445.0,13564
74120.0,2026-03-16,74745.0,73105.0,73930.0,9491
74685.0,2026-03-17,76190.0,73305.0,74655.0,7725
71115.0,2026-03-18,74895.0,70585.0,74765.0,10535
70360.0,2026-03-19,71755.0,68835.0,71275.0,7332
70220.0,2026-03-20,71480.0,69440.0,70430.0,9261
70735.0,2026-03-23,71860.0,67460.0,67995.0,13508
69355.0,2026-03-24,71490.0,68915.0,70980.0,12370
70860.0,2026-03-25,72095.0,70175.0,70320.0,10251
68490.0,2026-03-26,71595.0,68100.0,71075.0,8716
66233.0,2026-03-27,68980.0,65535.0,68860.0,8861
66675.0,2026-03-30,68420.0,65090.0,66765.0,7722
68035.0,2026-03-31,68805.0,66125.0,67200.0,9439
68340.0,2026-04-01,69585.0,67750.0,68510.0,6794
67180.0,2026-04-02,68875.0,65850.0,68500.0,9204
69945.0,2026-04-06,70600.0,67570.0,67755.0,10100
69170.0,2026-04-07,69795.0,67835.0,69780.0,8612
71475.0,2026-04-08,73080.0,70055.0,70055.0,12839
72290.0,2026-04-09,72800.0,70650.0,71690.0,7342
73485.0,2026-04-10,73820.0,71570.0,72510.0,7194
73505.0,2026-04-13,73660.0,70535.0,71520.0,9210
74400.0,2026-04-14,76320.0,73400.0,73400.0,12253
75175.0,2026-04-15,75445.0,73420.0,74370.0,7128
75510.0,2026-04-16,75655.0,73185.0,75160.0,7104
77600.0,2026-04-17,78545.0,74645.0,75205.0,14595
76380.0,2026-04-20,76685.0,73810.0,74600.0,12610
75060.0,2026-04-21,77030.0,74860.0,76100.0,10863
78935.0,2026-04-22,79600.0,75415.0,75550.0,13445
77760.0,2026-04-23,78900.0,76985.0,78830.0,8432
77938.0,2026-04-24,78620.0,77465.0,77950.0,8463
77190.0,2026-04-27,79930.0,76770.0,78690.0,8382
76660.0,2026-04-28,77840.0,75935.0,77065.0,4947
75775.0,2026-04-29,78325.0,75130.0,76770.0,7923
76740.0,2026-04-30,77030.0,75655.0,76100.0,4457
78775.0,2026-05-01,79420.0,76515.0,76605.0,10055
80390.0,2026-05-04,81155.0,78545.0,78925.0,12183
81945.0,2026-05-05,82120.0,80040.0,80550.0,6999
81735.0,2026-05-06,83215.0,81005.0,81855.0,8144
80345.0,2026-05-07,81995.0,79645.0,81770.0,7456
80385.0,2026-05-08,80730.0,79370.0,79905.0,5723
82185.0,2026-05-11,82725.0,80585.0,80895.0,9574
80995.0,2026-05-12,82215.0,79950.0,82115.0,6259
79745.0,2026-05-13,81530.0,78815.0,80875.0,9232
81620.0,2026-05-14,82310.0,78985.0,79565.0,11911
79210.0,2026-05-15,81895.0,78675.0,81555.0,11959
76895.0,2026-05-18,78495.0,76020.0,78325.0,10397
76835.0,2026-05-19,77425.0,76120.0,77080.0,5778
77705.0,2026-05-20,77920.0,76465.0,77090.0,7011
77695.0,2026-05-21,78275.0,76655.0,77470.0,10415
75775.0,2026-05-22,77940.0,75590.0,77650.0,10268
75895.0,2026-05-26,78085.0,75620.0,76485.0,17858
74905.0,2026-05-27,76000.0,74555.0,75775.0,9612
73355.0,2026-05-28,74650.0,72465.0,74340.0,9392
72767.0,2026-05-29,73785.0,72625.0,73745.0,7499
71735.0,2026-06-01,74385.0,70750.0,74055.0,8923
67395.0,2026-06-02,71705.0,66525.0,71155.0,10345
65585.0,2026-06-03,67635.0,64905.0,67635.0,9824
63795.0,2026-06-04,65925.0,61545.0,65885.0,13911
60515.0,2026-06-05,64050.0,59275.0,63400.0,16863
63475.0,2026-06-08,64365.0,61950.0,62000.0,10626
62170.0,2026-06-09,63845.0,60805.0,63845.0,9028
62030.0,2026-06-10,62970.0,60790.0,61835.0,7526
63675.0,2026-06-11,63985.0,61150.0,61375.0,8096
63660.0,2026-06-12,64485.0,62835.0,63595.0,8069
66575.0,2026-06-15,67360.0,65045.0,65405.0,7682
65700.0,2026-06-16,67010.0,65360.0,66415.0,5256
64270.0,2026-06-17,66500.0,64010.0,65705.0,8783
62945.0,2026-06-18,64830.0,62235.0,64220.0,11743
64450.0,2026-06-22,65600.0,63215.0,63775.0,14358
62365.0,2026-06-23,64360.0,61890.0,64310.0,11516
59835.0,2026-06-24,63160.0,58995.0,62585.0,13779
59190.0,2026-06-25,61900.0,57960.0,60950.0,10053
59763.0,2026-06-26,60615.0,58255.0,60040.0,9944
60555.0,2026-06-29,61125.0,58945.0,59435.0,10301
58900.0,2026-06-30,60640.0,58225.0,60640.0,7355
60180.0,2026-07-01,60975.0,57850.0,58760.0,9360
61655.0,2026-07-02,62420.0,59710.0,61020.0,7990
63885.0,2026-07-06,64770.0,61430.0,63275.0,13483
63980.0,2026-07-07,64635.0,62760.0,64580.0,7052
62430.0,2026-07-08,63930.0,61645.0,63460.0,7468
63385.0,2026-07-09,63670.0,61795.0,62400.0,7468
64180.0,2026-07-10,64915.0,63070.0,63485.0,5024
