am_long,am_short,date,dealer_long,dealer_short,lev_long,lev_short,mm_long,mm_net,mm_short,oi,other_long,other_net,other_short,pm_long,pm_net,pm_short,sd_long,sd_net,sd_short
210705,103700,2006-06-13 00:00:00,39390,60610,86611,179082,297316,14534,282782,549479,36399,-39,36438,39390,-21220,60610,86611,-92471,179082
227583,98603,2006-06-20 00:00:00,35331,51824,102675,203918,330258,27737,302521,562365,38230,1187,37043,35331,-16493,51824,102675,-101243,203918
224220,97363,2006-06-27 00:00:00,34296,63381,105281,193656,329501,38482,291019,562324,47054,1384,45670,34296,-29085,63381,105281,-88375,193656
216747,98133,2006-07-03 00:00:00,38878,52565,89119,192806,305866,14927,290939,562709,47325,-2542,49867,38878,-13687,52565,89119,-103687,192806
217844,108999,2006-07-11 00:00:00,46534,76794,97840,182020,315684,24665,291019,581531,49586,7624,41962,46534,-30260,76794,97840,-84180,182020
219257,115370,2006-07-18 00:00:00,52289,83407,97153,184342,316410,16698,299712,593417,48006,7491,40515,52289,-31118,83407,97153,-87189,184342
243797,116774,2006-07-25 00:00:00,59957,138049,91302,144433,335099,73892,261207,642296,47864,524,47340,59957,-78092,138049,91302,-53131,144433
259122,111099,2006-08-01 00:00:00,65910,144893,100102,200115,359224,48010,311214,687602,59213,16985,42228,65910,-78983,144893,100102,-100013,200115
258849,113504,2006-08-08 00:00:00,62076,141318,82586,206602,341435,21329,320106,681134,68611,29845,38766,62076,-79242,141318,82586,-124016,206602
266314,105414,2006-08-15 00:00:00,64923,124510,66592,224638,332906,2854,330052,696504,70368,30818,39550,64923,-59587,124510,66592,-158046,224638
294510,110092,2006-08-22 00:00:00,58795,141149,71207,245974,365717,9651,356066,743684,74144,38880,35264,58795,-82354,141149,71207,-174767,245974
279636,105384,2006-08-29 00:00:00,63072,114619,67225,241017,346861,460,346401,757704,67812,34528,33284,63072,-51547,114619,67225,-173792,241017
258443,95220,2006-09-05 00:00:00,65205,161020,56958,196669,315401,23512,291889,710275,64856,32510,32346,65205,-95815,161020,56958,-139711,196669
267323,94977,2006-09-12 00:00:00,74599,162402,49949,219297,317272,2998,314274,692691,76148,45079,31069,74599,-87803,162402,49949,-169348,219297
273098,95529,2006-09-19 00:00:00,66393,153683,62145,226213,335243,13501,321742,695688,76127,40283,35844,66393,-87290,153683,62145,-164068,226213
259922,130339,2006-09-26 00:00:00,72789,123317,79209,218983,339131,-10191,349322,693104,57040,26963,30077,72789,-50528,123317,79209,-139774,218983
275637,131793,2006-10-03 00:00:00,82739,131431,85458,222726,361095,6576,354519,711388,39603,-5080,44683,82739,-48692,131431,85458,-137268,222726
273258,131155,2006-10-10 00:00:00,84336,120083,80429,217171,353687,5361,348326,692002,33936,-14620,48556,84336,-35747,120083,80429,-136742,217171
271274,138723,2006-10-17 00:00:00,82379,105523,84613,220973,355887,-3809,359696,702761,34824,-10902,45726,82379,-23144,105523,84613,-136360,220973
259071,141132,2006-10-24 00:00:00,80297,93204,82825,212180,341896,-11416,353312,699374,53649,9376,44273,80297,-12907,93204,82825,-129355,212180
260647,138275,2006-10-31 00:00:00,72831,107809,78095,202395,338742,-1928,340670,683452,53208,10332,42876,72831,-34978,107809,78095,-124300,202395
256942,142450,2006-11-07 00:00:00,78998,99636,76263,186111,333205,4644,328561,672534,46195,-844,47039,78998,-20638,99636,76263,-109848,186111
255271,138834,2006-11-14 00:00:00,92326,99184,76352,185947,331623,6842,324781,685964,29706,-13715,43421,92326,-6858,99184,76352,-109595,185947
259371,107482,2006-11-21 00:00:00,109377,129426,58137,207879,317508,2147,315361,738086,43687,4857,38830,109377,-20049,129426,58137,-149742,207879
252473,102591,2006-11-28 00:00:00,102024,149608,62592,208451,315065,4023,311042,798959,38684,-750,39434,102024,-47584,149608,62592,-145859,208451
261687,108193,2006-12-05 00:00:00,91113,159507,86870,197380,348557,42984,305573,765852,40674,-2355,43029,91113,-68394,159507,86870,-110510,197380
265670,114701,2006-12-12 00:00:00,93126,148790,78292,202658,343962,26603,317359,716088,53175,-356,53531,93126,-55664,148790,78292,-124366,202658
273360,117710,2006-12-19 00:00:00,106926,139436,63247,203819,336607,15078,321529,716001,57555,-1690,59245,106926,-32510,139436,63247,-140572,203819
282264,120156,2006-12-26 00:00:00,110940,143840,71902,202278,354166,31732,322434,718501,56795,-12446,69241,110940,-32900,143840,71902,-130376,202278
290286,121974,2007-01-03 00:00:00,124295,153597,72010,200370,362296,39952,322344,758453,63214,-14860,78074,124295,-29302,153597,72010,-128360,200370
295761,115726,2007-01-09 00:00:00,114995,157725,87955,222843,383716,45147,338569,794141,66459,-14054,80513,114995,-42730,157725,87955,-134888,222843
300567,118115,2007-01-16 00:00:00,101582,155702,100105,228102,400672,54455,346217,771272,69012,-11033,80045,101582,-54120,155702,100105,-127997,228102
289274,124368,2007-01-23 00:00:00,105142,138696,105921,234788,395195,36039,359156,774553,65160,-11004,76164,105142,-33554,138696,105921,-128867,234788
276218,131788,2007-01-30 00:00:00,143094,149249,109618,242527,385836,11521,374315,806962,66719,-3162,69881,143094,-6155,149249,109618,-132909,242527
278145,108768,2007-02-06 00:00:00,180598,150433,68102,271249,346247,-33770,380017,838979,69621,-2643,72264,180598,30165,150433,68102,-203147,271249
281386,128500,2007-02-13 00:00:00,160145,154939,96506,272526,377892,-23134,401026,821042,57041,8069,48972,160145,5206,154939,96506,-176020,272526
282647,127585,2007-02-20 00:00:00,172946,169099,97605,276408,380252,-23741,403993,852208,56588,7472,49116,172946,3847,169099,97605,-178803,276408
269355,136731,2007-02-27 00:00:00,129713,112524,100057,272218,369412,-39537,408949,879063,43626,2302,41324,129713,17189,112524,100057,-172161,272218
313455,165887,2007-03-06 00:00:00,115314,150639,109642,267216,423097,-10006,433103,850442,47076,9750,37326,115314,-35325,150639,109642,-157574,267216
327422,210414,2007-03-13 00:00:00,117050,156322,132096,233194,459518,15910,443608,854561,48067,7064,41003,117050,-39272,156322,132096,-101098,233194
330729,259759,2007-03-20 00:00:00,144418,143737,134882,254534,465611,-48682,514293,920008,54034,20866,33168,144418,681,143737,134882,-119652,254534
346351,292703,2007-03-27 00:00:00,171898,128555,124274,284182,470625,-106260,576885,965139,64345,27911,36434,171898,43343,128555,124274,-159908,284182
354743,300290,2007-04-03 00:00:00,156565,102511,116343,321626,471086,-150830,621916,957918,71158,34446,36712,156565,54054,102511,116343,-205283,321626
384228,277493,2007-04-10 00:00:00,136118,146376,141465,328074,525693,-79874,605567,1007144,70414,34532,35882,136118,-10258,146376,141465,-186609,328074
400608,325707,2007-04-17 00:00:00,111751,103173,145047,309751,545655,-89803,635458,1008332,71239,25003,46236,111751,8578,103173,145047,-164704,309751
434355,317091,2007-04-24 00:00:00,161713,91591,113912,377589,548267,-146413,694680,1031372,71236,23367,47869,161713,70122,91591,113912,-263677,377589
450339,293960,2007-05-01 00:00:00,155872,104580,125707,421468,576046,-139382,715428,1118102,81646,34235,47411,155872,51292,104580,125707,-295761,421468
427993,212911,2007-05-08 00:00:00,132171,116462,127555,459505,555548,-116868,672416,1105897,88140,48770,39370,132171,15709,116462,127555,-331950,459505
419767,232304,2007-05-15 00:00:00,151928,129875,146135,468926,565902,-135328,701230,1149849,90489,52094,38395,151928,22053,129875,146135,-322791,468926
409161,250792,2007-05-22 00:00:00,121351,199448,132639,397866,541800,-106858,648658,1244475,78018,50401,27617,121351,-78097,199448,132639,-265227,397866
421037,167602,2007-05-29 00:00:00,118560,208128,115755,363401,536792,5789,531003,1163571,61174,38271,22903,118560,-89568,208128,115755,-247646,363401
425534,172225,2007-06-05 00:00:00,120197,256586,118039,299342,543573,72006,471567,1001346,56180,23196,32984,120197,-136389,256586,118039,-181303,299342
363779,158741,2007-06-12 00:00:00,135517,288051,127298,276409,491077,55927,435150,985301,77196,44469,32727,135517,-152534,288051,127298,-149111,276409
381563,174794,2007-06-19 00:00:00,96611,281432,135652,231099,517215,111322,405893,953730,74604,32725,41879,96611,-184821,281432,135652,-95447,231099
358379,231686,2007-06-26 00:00:00,94556,249009,172723,203085,531102,96331,434771,965797,76030,30099,45931,94556,-154453,249009,172723,-30362,203085
387177,250939,2007-07-03 00:00:00,94561,258941,179442,206282,566619,109398,457221,1003116,66401,19451,46950,94561,-164380,258941,179442,-26840,206282
386035,244431,2007-07-10 00:00:00,106010,286616,174654,209208,560689,107050,453639,1014298,76999,41898,35101,106010,-180606,286616,174654,-34554,209208
401802,236998,2007-07-17 00:00:00,111295,294477,166027,224044,567829,106787,461042,1021762,75860,40664,35196,111295,-183182,294477,166027,-58017,224044
406853,239366,2007-07-24 00:00:00,119476,325816,177845,180207,584698,165125,419573,1058818,74799,24976,49823,119476,-206340,325816,177845,-2362,180207
403395,231220,2007-07-31 00:00:00,119879,313990,156591,197027,559986,131739,428247,1061438,56990,24133,32857,119879,-194111,313990,156591,-40436,197027
341602,206254,2007-08-07 00:00:00,142709,251060,174779,252064,516381,58063,458318,1079296,52776,13486,39290,142709,-108351,251060,174779,-77285,252064
302308,186798,2007-08-14 00:00:00,146429,236637,182538,242480,484846,55568,429278,1037499,41935,-453,42388,146429,-90208,236637,182538,-59942,242480
234741,288300,2007-08-21 00:00:00,170525,173349,234521,167119,469262,13843,455419,985366,41979,-16744,58723,170525,-2824,173349,234521,67402,167119
234830,401403,2007-08-28 00:00:00,185371,92395,244986,173465,479816,-95052,574868,979678,43390,-19258,62648,185371,92976,92395,244986,71521,173465
239542,382169,2007-09-04 00:00:00,177651,84962,255472,187479,495014,-74634,569648,966889,40262,-20714,60976,177651,92689,84962,255472,67993,187479
221975,409265,2007-09-11 00:00:00,151618,61931,198910,129395,420885,-117775,538660,922399,85975,18051,67924,151618,89687,61931,198910,69515,129395
251315,404471,2007-09-18 00:00:00,146214,46609,150570,133095,401885,-135681,537566,908644,94452,8731,85721,146214,99605,46609,150570,17475,133095
278337,417706,2007-09-25 00:00:00,160525,42883,176588,168013,454925,-130794,585719,949393,74691,-11642,86333,160525,117642,42883,176588,8575,168013
274743,402879,2007-10-02 00:00:00,144520,43635,186453,167450,461196,-109133,570329,932659,60447,-26316,86763,144520,100885,43635,186453,19003,167450
329493,430132,2007-10-09 00:00:00,134567,72980,178562,187493,508055,-109570,617625,989249,75565,13611,61954,134567,61587,72980,178562,-8931,187493
353333,437653,2007-10-16 00:00:00,138000,128961,180064,211844,533397,-116100,649497,1058345,103956,48634,55322,138000,9039,128961,180064,-31780,211844
327660,440731,2007-10-23 00:00:00,139475,85717,185974,207465,513634,-134562,648196,1032131,93485,39967,53518,139475,53758,85717,185974,-21491,207465
329100,423198,2007-10-30 00:00:00,153777,113145,199185,205356,528285,-100269,628554,1041643,79701,26120,53581,153777,40632,113145,199185,-6171,205356
309096,487840,2007-11-06 00:00:00,198499,82741,226165,202705,535261,-155284,690545,1099079,78742,2004,76738,198499,115758,82741,226165,23460,202705
290934,474796,2007-11-13 00:00:00,197390,71781,220935,164436,511869,-127363,639232,1067046,62803,-6281,69084,197390,125609,71781,220935,56499,164436
261502,476442,2007-11-20 00:00:00,214270,57972,213940,157744,475442,-158744,634186,1035548,57473,-4025,61498,214270,156298,57972,213940,56196,157744
220776,487692,2007-11-27 00:00:00,222701,57674,277944,149621,498720,-138593,637313,1109244,56540,-15573,72113,222701,165027,57674,277944,128323,149621
227861,423825,2007-12-04 00:00:00,158166,60010,292160,139837,520021,-43641,563662,1015228,46826,-36615,83441,158166,98156,60010,292160,152323,139837
232118,439713,2007-12-11 00:00:00,158022,67280,290115,147734,522233,-65214,587447,1037371,51145,-41979,93124,158022,90742,67280,290115,142381,147734
256661,459367,2007-12-18 00:00:00,168997,79873,237941,122533,494602,-87298,581900,1036262,60487,-27767,88254,168997,89124,79873,237941,115408,122533
260349,479908,2007-12-24 00:00:00,178863,68798,240589,117649,500938,-96619,597557,1026434,57382,-26562,83944,178863,110065,68798,240589,122940,117649
258332,476589,2007-12-31 00:00:00,174474,65003,217940,115275,476272,-115592,591864,1005764,62405,-18359,80764,174474,109471,65003,217940,102665,115275
282419,509187,2008-01-08 00:00:00,132946,59730,211055,132576,493474,-148289,641763,1065764,100968,33758,67210,132946,73216,59730,211055,78479,132576
274432,555645,2008-01-15 00:00:00,116327,73154,271019,119605,545451,-129799,675250,1114285,101374,37203,64171,116327,43173,73154,271019,151414,119605
274704,519399,2008-01-22 00:00:00,266454,53865,236144,122022,510848,-130573,641421,1272906,101620,26868,74752,266454,212589,53865,236144,114122,122022
292273,519582,2008-01-29 00:00:00,253206,80523,256313,264540,548586,-235536,784122,1207432,105887,38569,67318,253206,172683,80523,256313,-8227,264540
278374,534324,2008-02-05 00:00:00,241027,92383,267702,270934,546076,-259182,805258,1258113,129681,66012,63669,241027,148644,92383,267702,-3232,270934
284626,521958,2008-02-12 00:00:00,252104,123016,297376,278190,582002,-218146,800148,1328422,132057,63129,68928,252104,129088,123016,297376,19186,278190
300433,530533,2008-02-19 00:00:00,270760,114176,293952,297329,594385,-233477,827862,1361480,115425,48244,67181,270760,156584,114176,293952,-3377,297329
299148,524249,2008-02-26 00:00:00,278991,110966,285395,285300,584543,-225006,809549,1382990,112097,50522,61575,278991,168025,110966,285395,95,285300
347792,560245,2008-03-04 00:00:00,262566,106573,267233,264566,615025,-209786,824811,1332107,105750,38921,66829,262566,155993,106573,267233,2667,264566
386422,567253,2008-03-11 00:00:00,154119,73352,275036,180791,661458,-86586,748044,1191372,88527,15625,72902,154119,80767,73352,275036,94245,180791
360552,566320,2008-03-18 00:00:00,167914,94692,244045,129123,604597,-90846,695443,1147740,74922,-6473,81395,167914,73222,94692,244045,114922,129123
352353,560689,2008-03-25 00:00:00,174457,90480,286657,122623,639010,-44302,683312,1163447,80154,-42500,122654,174457,83977,90480,286657,164034,122623
378119,543070,2008-04-01 00:00:00,197745,117651,260803,131246,638922,-35394,674316,1147933,66109,-48212,114321,197745,80094,117651,260803,129557,131246
374013,547445,2008-04-08 00:00:00,187242,97323,228032,114984,602045,-60384,662429,1143922,72667,-43479,116146,187242,89919,97323,228032,113048,114984
403189,566304,2008-04-15 00:00:00,186161,67798,177265,109162,580454,-95012,675466,1104490,71190,-40014,111204,186161,118363,67798,177265,68103,109162
397697,591292,2008-04-22 00:00:00,182125,66162,197881,93682,595578,-89396,684974,1136189,76512,-36950,113462,182125,115963,66162,197881,104199,93682
421207,631760,2008-04-29 00:00:00,187508,68528,186957,92426,608164,-116022,724186,1135694,76143,-15008,91151,187508,118980,68528,186957,94531,92426
398757,645294,2008-05-06 00:00:00,197874,75913,225218,90315,623975,-111634,735609,1174403,79594,-19575,99169,197874,121961,75913,225218,134903,90315
381263,659108,2008-05-13 00:00:00,234656,79332,270897,95664,652160,-102612,754772,1247834,81139,-60814,141953,234656,155324,79332,270897,175233,95664
364878,575055,2008-05-20 00:00:00,200689,87334,259534,83988,624412,-34631,659043,1192948,80710,-85775,166485,200689,113355,87334,259534,175546,83988
377553,462827,2008-05-27 00:00:00,140671,91948,243098,91470,620651,66354,554297,1113907,79231,-105668,184899,140671,48723,91948,243098,151628,91470
348285,465485,2008-06-03 00:00:00,131811,66733,216349,86198,564634,12951,551683,1046084,82291,-91684,173975,131811,65078,66733,216349,130151,86198
348267,454978,2008-06-10 00:00:00,122950,91260,197769,77767,546036,13291,532745,986512,74758,-35264,110022,122950,31690,91260,197769,120002,77767
343144,443930,2008-06-17 00:00:00,75953,80078,191495,72942,534639,17767,516872,947964,79671,8355,71316,75953,-4125,80078,191495,118553,72942
340720,454074,2008-06-24 00:00:00,90459,96526,225468,60079,566188,52035,514153,1039918,80165,-53510,133675,90459,-6067,96526,225468,165389,60079
311693,403857,2008-07-01 00:00:00,77504,96355,189686,62218,501379,35304,466075,970716,82807,-29814,112621,77504,-18851,96355,189686,127468,62218
287982,392356,2008-07-08 00:00:00,71744,84405,211292,60945,499274,45973,453301,965793,79249,-69059,148308,71744,-12661,84405,211292,150347,60945
295373,385497,2008-07-15 00:00:00,63059,90437,219044,61473,514417,67447,446970,952583,73752,-67090,140842,63059,-27378,90437,219044,157571,61473
310831,337615,2008-07-22 00:00:00,54090,111752,182728,70571,493559,85373,408186,908778,74913,-49038,123951,54090,-57662,111752,182728,112157,70571
341997,315496,2008-07-29 00:00:00,62070,144400,156210,95889,498207,86822,411385,912067,79075,-27973,107048,62070,-82330,144400,156210,60321,95889
335850,316003,2008-08-05 00:00:00,62933,134919,156918,99082,492768,77683,415085,928888,80961,-28655,109616,62933,-71986,134919,156918,57836,99082
325707,329715,2008-08-12 00:00:00,97188,123474,158049,94093,483756,59948,423808,944011,75471,-65786,141257,97188,-26286,123474,158049,63956,94093
343982,316474,2008-08-19 00:00:00,59101,152359,178096,91039,522078,114565,407513,977196,72449,-43075,115524,59101,-93258,152359,178096,87057,91039
337689,298798,2008-08-26 00:00:00,65787,162026,176434,102122,514123,113203,400920,986444,70295,-22773,93068,65787,-96239,162026,176434,74312,102122
352523,281841,2008-09-02 00:00:00,59655,173014,168194,131514,520717,107362,413355,979685,56523,-6268,62791,59655,-113359,173014,168194,36680,131514
311280,282104,2008-09-09 00:00:00,61540,122870,152024,133688,463304,47512,415792,877866,49062,-15300,64362,61540,-61330,122870,152024,18336,133688
286495,279125,2008-09-16 00:00:00,67488,71648,128044,122621,414539,12793,401746,843792,53066,-13614,66680,67488,-4160,71648,128044,5423,122621
245765,254630,2008-09-23 00:00:00,61567,73062,119412,70475,365177,40072,325105,747343,33355,-48656,82011,61567,-11495,73062,119412,48937,70475
229050,251323,2008-09-30 00:00:00,77776,49266,122921,106601,351971,-5953,357924,761693,34383,-50104,84487,77776,28510,49266,122921,16320,106601
197624,225530,2008-10-07 00:00:00,77127,61847,161977,100900,359601,33171,326430,816477,26749,-67340,94089,77127,15280,61847,161977,61077,100900
171058,209443,2008-10-14 00:00:00,65656,60672,188545,97187,359603,52973,306630,798147,15700,-70929,86629,65656,4984,60672,188545,91358,97187
190280,216531,2008-10-21 00:00:00,57406,68266,194689,99577,384969,68861,316108,788393,14511,-68736,83247,57406,-10860,68266,194689,95112,99577
197933,245161,2008-10-28 00:00:00,55478,56859,190884,99326,388817,44330,344487,773467,21818,-53472,75290,55478,-1381,56859,190884,91558,99326
168826,221913,2008-11-04 00:00:00,77858,62090,179584,99574,348410,26923,321487,755008,23886,-57774,81660,77858,15768,62090,179584,80010,99574
165531,221053,2008-11-11 00:00:00,83221,67863,179459,91820,344990,32117,312873,744603,21957,-58834,80791,83221,15358,67863,179459,87639,91820
160495,223237,2008-11-18 00:00:00,90913,58736,172648,96605,333143,13301,319842,716706,18731,-55345,74076,90913,32177,58736,172648,76043,96605
137110,131288,2008-11-25 00:00:00,53889,63469,108784,77723,245894,36883,209011,570606,16969,-24534,41503,53889,-9580,63469,108784,31061,77723
135151,129677,2008-12-02 00:00:00,68883,55828,85063,60766,220214,29771,190443,505522,16106,-36807,52913,68883,13055,55828,85063,24297,60766
142616,124831,2008-12-09 00:00:00,71824,45588,68638,33994,211254,52429,158825,486680,16196,-77260,93456,71824,26236,45588,68638,34644,33994
163327,127516,2008-12-16 00:00:00,81504,47106,80124,52565,243451,63370,180081,534829,12922,-100367,113289,81504,34398,47106,80124,27559,52565
186548,135602,2008-12-22 00:00:00,76783,41131,74916,56863,261464,68999,192465,538743,14258,-100943,115201,76783,35652,41131,74916,18053,56863
183995,139134,2008-12-30 00:00:00,81637,37887,70525,60690,254520,54696,199824,540913,13014,-101968,114982,81637,43750,37887,70525,9835,60690
207541,136819,2009-01-06 00:00:00,48552,37062,76285,65375,283826,81632,202194,524308,14179,-91922,106101,48552,11490,37062,76285,10910,65375
194384,145643,2009-01-13 00:00:00,59113,45958,80354,60128,274738,68967,205771,550026,12519,-91290,103809,59113,13155,45958,80354,20226,60128
169285,157170,2009-01-20 00:00:00,60128,36856,83600,42650,252885,53065,199820,537474,13387,-94315,107702,60128,23272,36856,83600,40950,42650
158184,163701,2009-01-27 00:00:00,60176,24207,83443,40858,241627,37068,204559,506360,12734,-86795,99529,60176,35969,24207,83443,42585,40858
116829,187685,2009-02-03 00:00:00,102564,20699,75963,37295,192792,-32188,224980,494527,14978,-62168,77146,102564,81865,20699,75963,38668,37295
121895,198775,2009-02-10 00:00:00,105903,24770,75970,40487,197865,-41397,239262,516232,18438,-56077,74515,105903,81133,24770,75970,35483,40487
121986,196080,2009-02-17 00:00:00,107664,16582,83907,42427,205893,-32614,238507,536305,21990,-71078,93068,107664,91082,16582,83907,41480,42427
108546,201889,2009-02-24 00:00:00,105715,16062,85218,45394,193764,-53519,247283,489030,19140,-48087,67227,105715,89653,16062,85218,39824,45394
111002,181142,2009-03-03 00:00:00,90111,14399,91354,50212,202356,-28998,231354,496254,16946,-66069,83015,90111,75712,14399,91354,41142,50212
104159,152718,2009-03-10 00:00:00,77021,15254,81255,46735,185414,-14039,199453,469976,19102,-63962,83064,77021,61767,15254,81255,34520,46735
106291,161185,2009-03-17 00:00:00,74170,12372,90714,38555,197005,-2735,199740,490191,19034,-65973,85007,74170,61798,12372,90714,52159,38555
127944,185216,2009-03-24 00:00:00,61468,30672,105543,38314,233487,9957,223530,519360,18299,-46441,64740,61468,30796,30672,105543,67229,38314
130887,189979,2009-03-31 00:00:00,49451,44185,119006,39651,249893,20263,229630,523063,13912,-46142,60054,49451,5266,44185,119006,79355,39651
128554,195518,2009-04-07 00:00:00,58215,38081,120803,39022,249357,14817,234540,514858,14083,-52119,66202,58215,20134,38081,120803,81781,39022
127108,218509,2009-04-14 00:00:00,70641,31280,115427,39721,242535,-15695,258230,516886,9087,-43611,52698,70641,39361,31280,115427,75706,39721
117329,195960,2009-04-21 00:00:00,56924,38966,106678,39795,224007,-11748,235755,504924,9183,-8501,17684,56924,17958,38966,106678,66883,39795
119070,200247,2009-04-28 00:00:00,55222,32580,97204,42192,216274,-26165,242439,486493,7978,-8049,16027,55222,22642,32580,97204,55012,42192
105474,189981,2009-05-05 00:00:00,47469,37711,117257,43304,222731,-10554,233285,490525,9473,-4786,14259,47469,9758,37711,117257,73953,43304
99949,191748,2009-05-12 00:00:00,46334,52774,138857,49443,238806,-2385,241191,523771,19637,944,18693,46334,-6440,52774,138857,89414,49443
97828,189884,2009-05-19 00:00:00,45379,38374,162815,36341,260643,34418,226225,566668,14435,-45335,59770,45379,7005,38374,162815,126474,36341
94310,190184,2009-05-26 00:00:00,71220,29353,172100,38357,266410,37869,228541,575410,1686,-79494,81180,71220,41867,29353,172100,133743,38357
101653,210748,2009-06-02 00:00:00,59647,57243,146510,36943,248163,472,247691,516542,11771,-14524,26295,59647,2404,57243,146510,109567,36943
110843,210522,2009-06-09 00:00:00,87128,54788,174659,37994,285502,36986,248516,579861,14153,-53867,68020,87128,32340,54788,174659,136665,37994
118620,181210,2009-06-16 00:00:00,78969,62769,168205,50646,286825,54969,231856,582853,15753,-48806,64559,78969,16200,62769,168205,117559,50646
109932,176141,2009-06-23 00:00:00,80530,53352,187858,41028,297790,80621,217169,611512,14427,-91879,106306,80530,27178,53352,187858,146830,41028
104940,185467,2009-06-30 00:00:00,64041,60194,203240,41067,308180,81646,226534,594456,14303,-72918,87221,64041,3847,60194,203240,162173,41067
105774,192131,2009-07-07 00:00:00,63978,63460,221597,35772,327371,99468,227903,640839,13114,-103132,116246,63978,518,63460,221597,185825,35772
109152,210660,2009-07-14 00:00:00,68457,63255,249640,28813,358792,119319,239473,688386,13090,-137503,150593,68457,5202,63255,249640,220827,28813
95627,221396,2009-07-21 00:00:00,78131,59927,287348,37719,382975,123860,259115,733635,17867,-139140,157007,78131,18204,59927,287348,249629,37719
89735,225942,2009-07-28 00:00:00,80402,62444,289682,32067,379417,121408,258009,710320,20832,-136118,156950,80402,17958,62444,289682,257615,32067
89741,242563,2009-08-04 00:00:00,92935,68024,276368,36486,366109,87060,279049,706524,17512,-102061,119573,92935,24911,68024,276368,239882,36486
94263,236626,2009-08-11 00:00:00,123141,97153,316301,31838,410564,142100,268464,781749,17175,-134623,151798,123141,25988,97153,316301,284463,31838
96451,252525,2009-08-18 00:00:00,136624,111220,342511,37524,438962,148913,290049,840199,14742,-150656,165398,136624,25404,111220,342511,304987,37524
85332,266662,2009-08-25 00:00:00,127901,101165,349294,44421,434626,123543,311083,806002,10632,-144253,154885,127901,26736,101165,349294,304873,44421
90993,225203,2009-09-01 00:00:00,101726,89236,337650,53604,428643,149836,278807,763078,6782,-139975,146757,101726,12490,89236,337650,284046,53604
79225,239018,2009-09-08 00:00:00,92169,111635,387911,70635,467136,157483,309653,805081,13523,-116293,129816,92169,-19466,111635,387911,317276,70635
81362,227253,2009-09-15 00:00:00,87204,103541,370929,60689,452291,164349,287942,801414,8233,-120655,128888,87204,-16337,103541,370929,310240,60689
81414,235448,2009-09-22 00:00:00,75222,103371,387634,60703,469048,172897,296151,813827,8233,-116912,125145,75222,-28149,103371,387634,326931,60703
128279,258051,2009-09-29 00:00:00,71583,113507,379814,76137,508093,173905,334188,833788,7848,-107831,115679,71583,-41924,113507,379814,303677,76137
211349,274263,2009-10-06 00:00:00,60317,145752,382234,76324,593583,242996,350587,901415,8103,-123214,131317,60317,-85435,145752,382234,305910,76324
256202,292267,2009-10-13 00:00:00,55770,129099,368898,92656,625100,240177,384923,939872,7070,-129639,136709,55770,-73329,129099,368898,276242,92656
308130,367679,2009-10-20 00:00:00,72622,163003,386618,75954,694748,251115,443633,1051348,7076,-127857,134933,72622,-90381,163003,386618,310664,75954
311020,358545,2009-10-27 00:00:00,68299,151375,384224,82028,695244,254671,440573,1028484,4495,-132058,136553,68299,-83076,151375,384224,302196,82028
329806,357102,2009-11-03 00:00:00,68743,142339,352936,87226,682742,238414,444328,1040129,5725,-128792,134517,68743,-73596,142339,352936,265710,87226
327727,399798,2009-11-09 00:00:00,79788,127067,424728,73729,752455,278928,473527,1100993,5986,-195174,201160,79788,-47279,127067,424728,350999,73729
335534,391004,2009-11-17 00:00:00,78048,138094,432783,80602,768317,296711,471606,1148774,2361,-199478,201839,78048,-60046,138094,432783,352181,80602
304183,351342,2009-11-24 00:00:00,70515,110825,433119,109587,737302,276373,460929,1108701,2972,-182723,185695,70515,-40310,110825,433119,323532,109587
291531,337998,2009-12-01 00:00:00,48426,105084,411134,97224,702665,267443,435222,1023607,2565,-173456,176021,48426,-56658,105084,411134,313910,97224
286576,332660,2009-12-08 00:00:00,50907,103189,408921,102646,695497,260191,435306,981709,1237,-169735,170972,50907,-52282,103189,408921,306275,102646
275901,321825,2009-12-15 00:00:00,55340,101566,377919,96286,653820,235709,418111,948068,2597,-152067,154664,55340,-46226,101566,377919,281633,96286
264015,316127,2009-12-22 00:00:00,51825,99355,376513,87719,640528,236682,403846,927039,2780,-147395,150175,51825,-47530,99355,376513,288794,87719
265409,301525,2009-12-29 00:00:00,56122,88982,332269,91898,597678,204255,393423,884201,2780,-138607,141387,56122,-32860,88982,332269,240371,91898
267475,279856,2010-01-05 00:00:00,60506,77784,272683,92063,540158,168239,371919,870789,4920,-121359,126279,60506,-17278,77784,272683,180620,92063
255092,301769,2010-01-12 00:00:00,68835,79751,326871,78745,581963,201449,380514,926645,5207,-146226,151433,68835,-10916,79751,326871,248126,78745
262706,303789,2010-01-19 00:00:00,68468,89835,319662,73047,582368,205532,376836,954471,4667,-144913,149580,68468,-21367,89835,319662,246615,73047
256420,300832,2010-01-26 00:00:00,62229,111027,323594,69735,580014,209447,370567,952455,6206,-124998,131204,62229,-48798,111027,323594,253859,69735
256932,313706,2010-02-02 00:00:00,87012,121611,354890,86839,611822,211277,400545,1022581,6673,-153556,160229,87012,-34599,121611,354890,268051,86839
274010,337960,2010-02-09 00:00:00,76582,119110,364758,83629,638768,217179,421589,1041372,8552,-145960,154512,76582,-42528,119110,364758,281129,83629
262908,307688,2010-02-16 00:00:00,80289,118607,361669,85818,624577,231071,393506,1061294,5628,-163113,168741,80289,-38318,118607,361669,275851,85818
234734,334191,2010-02-23 00:00:00,91042,102239,358353,76716,593087,182180,410907,1003028,2766,-143659,146425,91042,-11197,102239,358353,281637,76716
257125,318983,2010-03-02 00:00:00,54014,88042,352629,76575,609754,214196,395558,944901,2717,-147389,150106,54014,-34028,88042,352629,276054,76575
279960,312682,2010-03-09 00:00:00,37556,95484,322250,82804,602210,206724,395486,907021,3478,-118401,121879,37556,-57928,95484,322250,239446,82804
319347,311145,2010-03-16 00:00:00,38914,102242,306636,93058,625983,221780,404203,925180,4752,-126247,130999,38914,-63328,102242,306636,213578,93058
335300,302870,2010-03-23 00:00:00,75487,96150,253584,97897,588884,188117,400767,934809,4673,-137751,142424,75487,-20663,96150,253584,155687,97897
334783,311290,2010-03-30 00:00:00,104038,88747,277729,116878,612512,184344,428168,965877,5134,-144338,149472,104038,15291,88747,277729,160851,116878
319901,328930,2010-04-06 00:00:00,94352,108405,330428,114110,650329,207289,443040,1052205,6627,-154411,161038,94352,-14053,108405,330428,216318,114110
325216,334591,2010-04-13 00:00:00,95282,119886,341347,119727,666563,212245,454318,1053886,7183,-156165,163348,95282,-24604,119886,341347,221620,119727
335938,361382,2010-04-20 00:00:00,88436,134792,385318,117014,721256,242860,478396,1108652,8150,-157291,165441,88436,-46356,134792,385318,268304,117014
357347,347323,2010-04-27 00:00:00,91372,103980,326550,128881,683897,207693,476204,1086828,8311,-155861,164172,91372,-12608,103980,326550,197669,128881
436886,330923,2010-05-04 00:00:00,62867,114745,305221,157182,742107,254002,488105,1159817,10300,-139596,149896,62867,-51878,114745,305221,148039,157182
418382,322052,2010-05-11 00:00:00,18258,85978,294541,139874,712923,250997,461926,1073838,9819,-147859,157678,18258,-67720,85978,294541,154667,139874
415756,337421,2010-05-18 00:00:00,19873,86860,284357,113048,700113,249644,450469,1091162,15345,-156139,171484,19873,-66987,86860,284357,171309,113048
420770,291511,2010-05-25 00:00:00,11397,118298,244302,128183,665072,245378,419694,1018539,24040,-119710,143750,11397,-106901,118298,244302,116119,128183
389024,244762,2010-06-01 00:00:00,13996,102000,254449,178842,643473,219869,423604,966310,30243,-112280,142523,13996,-88004,102000,254449,75607,178842
381150,239886,2010-06-08 00:00:00,9489,98242,231143,144013,612293,228394,383899,933671,30265,-115640,145905,9489,-88753,98242,231143,87130,144013
378472,239622,2010-06-15 00:00:00,10615,103025,228558,143037,607030,224371,382659,932359,29993,-108239,138232,10615,-92410,103025,228558,85521,143037
389586,246791,2010-06-22 00:00:00,16484,110507,244793,157579,634379,230009,404370,958884,31213,-112163,143376,16484,-94023,110507,244793,87214,157579
398200,240477,2010-06-29 00:00:00,13764,126786,236331,167423,634531,226631,407900,943583,28025,-81471,109496,13764,-113022,126786,236331,68908,167423
410587,229378,2010-07-06 00:00:00,19100,108825,183861,168438,594448,196632,397816,920133,30722,-86689,117411,19100,-89725,108825,183861,15423,168438
404594,222718,2010-07-13 00:00:00,12862,106689,179293,162340,583887,198829,385058,888141,31008,-83224,114232,12862,-93827,106689,179293,16953,162340
410293,214350,2010-07-20 00:00:00,10660,128704,193469,159149,603762,230263,373499,917064,30890,-90367,121257,10660,-118044,128704,193469,34320,159149
307978,193595,2010-07-27 00:00:00,33984,98647,181141,132450,489119,163074,326045,847848,32531,-88154,120685,33984,-64663,98647,181141,48691,132450
310590,208308,2010-08-03 00:00:00,29120,87148,201572,131680,512162,172174,339988,860058,26192,-114384,140576,29120,-58028,87148,201572,69892,131680
261369,205265,2010-08-10 00:00:00,29854,86035,203657,114785,465026,144976,320050,891324,54372,-86294,140666,29854,-56181,86035,203657,88872,114785
237029,204375,2010-08-17 00:00:00,45022,81241,210114,96550,447143,146218,300925,885472,53699,-109032,162731,45022,-36219,81241,210114,113564,96550
218978,195931,2010-08-24 00:00:00,55547,81688,195089,91289,414067,126847,287220,905321,56127,-100839,156966,55547,-26141,81688,195089,103800,91289
218987,196492,2010-08-31 00:00:00,58257,57822,174432,77470,393419,119457,273962,740938,34939,-121990,156929,58257,435,57822,174432,96962,77470
214376,193935,2010-09-07 00:00:00,56381,49323,150354,81881,364730,88914,275816,694435,37199,-105530,142729,56381,7058,49323,150354,68473,81881
225656,193855,2010-09-14 00:00:00,66097,57257,178290,107031,403946,103060,300886,727502,36188,-102605,138793,66097,8840,57257,178290,71259,107031
231972,204294,2010-09-21 00:00:00,44826,71707,201127,74328,433099,154477,278622,755217,22828,-119583,142411,44826,-26881,71707,201127,126799,74328
204717,211678,2010-09-28 00:00:00,68198,80036,202915,61498,407632,134456,273176,743751,22138,-122254,144392,68198,-11838,80036,202915,141417,61498
174180,222316,2010-10-05 00:00:00,65014,75711,247112,56302,421292,142674,278618,757975,22468,-127985,150453,65014,-10697,75711,247112,190810,56302
194492,229818,2010-10-12 00:00:00,75929,74148,226570,60574,421062,130670,290392,773585,23942,-125287,149229,75929,1781,74148,226570,165996,60574
192484,209757,2010-10-19 00:00:00,62410,80616,229063,63566,421547,148224,273323,777703,24560,-122068,146628,62410,-18206,80616,229063,165497,63566
200319,228933,2010-10-26 00:00:00,64702,59819,202534,63525,402853,110395,292458,766072,23284,-118590,141874,64702,4883,59819,202534,139009,63525
206917,235734,2010-11-02 00:00:00,48019,65290,188933,58242,395850,101874,293976,763082,24908,-99705,124613,48019,-17271,65290,188933,130691,58242
289339,245140,2010-11-09 00:00:00,41068,74774,159686,107526,449025,96359,352666,777069,17933,-68848,86781,41068,-33706,74774,159686,52160,107526
294359,239100,2010-11-16 00:00:00,42484,59733,115828,86305,410187,84782,325405,730473,15743,-67344,83087,42484,-17249,59733,115828,29523,86305
275633,236060,2010-11-23 00:00:00,53478,59182,116588,78903,392221,77258,314963,786499,17547,-67138,84685,53478,-5704,59182,116588,37685,78903
285516,239071,2010-11-30 00:00:00,45271,55156,92387,71430,377903,67402,310501,702482,25376,-54228,79604,45271,-9885,55156,92387,20957,71430
277124,245223,2010-12-07 00:00:00,42206,56683,102693,53219,379817,81375,298442,697079,11137,-69015,80152,42206,-14477,56683,102693,49474,53219
317656,250219,2010-12-14 00:00:00,42971,70251,92866,46566,410522,113737,296785,695351,6900,-58698,65598,42971,-27280,70251,92866,46300,46566
322891,249691,2010-12-21 00:00:00,43362,84823,105549,71139,428440,107610,320830,721447,28139,-27054,55193,43362,-41461,84823,105549,34410,71139
345539,235557,2010-12-28 00:00:00,39274,86281,61169,60740,406708,110411,296297,668741,31548,-16416,47964,39274,-47007,86281,61169,429,60740
347488,237214,2011-01-04 00:00:00,35340,79092,69737,82284,417225,97727,319498,670689,33738,-13730,47468,35340,-43752,79092,69737,-12547,82284
338017,216152,2011-01-11 00:00:00,32364,102421,88291,94318,426308,115838,310470,716111,45198,-11917,57115,32364,-70057,102421,88291,-6027,94318
308673,225070,2011-01-18 00:00:00,34342,111874,115862,82795,424535,116670,307865,750673,47496,-10615,58111,34342,-77532,111874,115862,33067,82795
313623,234800,2011-01-25 00:00:00,51786,131348,117752,74407,431375,122168,309207,765146,44726,-16956,61682,51786,-79562,131348,117752,43345,74407
307169,255836,2011-02-01 00:00:00,52452,135875,185103,79015,492272,157421,334851,824448,30295,-45911,76206,52452,-83423,135875,185103,106088,79015
306290,313102,2011-02-08 00:00:00,106315,109738,201373,104100,507663,90461,417202,902804,40176,-37189,77365,106315,-3423,109738,201373,97273,104100
312276,344378,2011-02-15 00:00:00,75883,96679,249917,107086,562193,110729,451464,963532,66065,-30174,96239,75883,-20796,96679,249917,142831,107086
308449,356315,2011-02-22 00:00:00,90601,87651,277877,152946,586326,77065,509261,1014127,64798,-31369,96167,90601,2950,87651,277877,124931,152946
332892,355138,2011-03-01 00:00:00,64774,62842,172945,110401,505837,40298,465539,909747,66111,1429,64682,64774,1932,62842,172945,62544,110401
320342,390788,2011-03-08 00:00:00,58908,66233,202683,69561,523025,62676,460349,900971,60837,-7512,68349,58908,-7325,66233,202683,133122,69561
318311,377847,2011-03-15 00:00:00,55747,92365,211529,81053,529840,70940,458900,920289,63485,-6950,70435,55747,-36618,92365,211529,130476,81053
289730,387739,2011-03-22 00:00:00,41000,109131,218821,82141,508551,38671,469880,964318,116404,57850,58554,41000,-68131,109131,218821,136680,82141
274372,406912,2011-03-29 00:00:00,81843,85094,203613,77691,477985,-6618,484603,975217,109172,54569,54603,81843,-3251,85094,203613,125922,77691
267171,418606,2011-04-05 00:00:00,113650,79001,265064,112896,532235,733,531502,1057149,112378,30675,81703,113650,34649,79001,265064,152168,112896
262465,430492,2011-04-12 00:00:00,85067,84332,313039,112842,575504,32170,543334,1103354,164997,45346,119651,85067,735,84332,313039,200197,112842
210759,429956,2011-04-19 00:00:00,86132,83818,349882,95842,560641,34843,525798,1101399,177242,27138,150104,86132,2314,83818,349882,254040,95842
206643,440437,2011-04-26 00:00:00,71302,86445,355088,86330,561731,34964,526767,1100756,171818,25644,146174,71302,-15143,86445,355088,268758,86330
209002,447724,2011-05-03 00:00:00,93895,97734,338534,86169,547536,13643,533893,1114985,156282,41829,114453,93895,-3839,97734,338534,252365,86169
221977,442096,2011-05-10 00:00:00,72425,100563,333559,75916,555536,37524,518012,1096709,153093,33793,119300,72425,-28138,100563,333559,257643,75916
201377,425223,2011-05-17 00:00:00,63151,105618,355408,73811,556785,57751,499034,1110474,143349,36488,106861,63151,-42467,105618,355408,281597,73811
188177,443435,2011-05-24 00:00:00,61823,111260,369775,74897,557952,39620,518332,1127454,174698,53972,120726,61823,-49437,111260,369775,294878,74897
175886,422010,2011-05-31 00:00:00,52761,112036,403764,71488,579650,86152,493498,1070611,124881,14123,110758,52761,-59275,112036,403764,332276,71488
197379,377716,2011-06-07 00:00:00,41618,110046,363544,83102,560923,100105,460818,1043201,130439,13202,117237,41618,-68428,110046,363544,280442,83102
189769,412012,2011-06-14 00:00:00,69941,117071,349571,71395,539340,55933,483407,1041535,127536,29978,97558,69941,-47130,117071,349571,278176,71395
303796,411253,2011-06-21 00:00:00,81935,153593,346127,99501,649923,139169,510754,1096848,69310,-29481,98791,81935,-71658,153593,346127,246626,99501
291220,396834,2011-06-28 00:00:00,54460,137911,401964,107338,693184,189012,504172,1085256,43292,-62566,105858,54460,-83451,137911,401964,294626,107338
299559,371868,2011-07-05 00:00:00,47601,116145,348384,91027,647943,185048,462895,1040582,38546,-72169,110715,47601,-68544,116145,348384,257357,91027
302836,373882,2011-07-12 00:00:00,46633,121030,362281,112689,665117,178546,486571,1044149,42431,-62620,105051,46633,-74397,121030,362281,249592,112689
313950,377915,2011-07-19 00:00:00,91984,129699,340269,123744,654219,152560,501659,1072128,34967,-70958,105925,91984,-37715,129699,340269,216525,123744
318876,370823,2011-07-26 00:00:00,81802,144628,329888,127749,648764,150192,498572,1075726,56928,-46086,103014,81802,-62826,144628,329888,202139,127749
335591,350578,2011-08-02 00:00:00,90255,144607,298033,190140,633624,92906,540718,1085224,93017,-13236,106253,90255,-54352,144607,298033,107893,190140
303298,329894,2011-08-09 00:00:00,107069,126245,302318,183269,605616,92453,513163,1076254,81156,-49534,130690,107069,-19176,126245,302318,119049,183269
271692,275810,2011-08-16 00:00:00,107625,130897,284604,196059,556296,84427,471869,1027552,72583,-51822,124405,107625,-23272,130897,284604,88545,196059
224456,236887,2011-08-23 00:00:00,104782,132003,305903,213616,530359,79856,450503,1017004,64538,-39154,103692,104782,-27221,132003,305903,92287,213616
139859,225247,2011-08-30 00:00:00,105609,81184,275894,186933,415753,3573,412180,912358,60104,-20411,80515,105609,24425,81184,275894,88961,186933
129439,228626,2011-09-06 00:00:00,84392,78697,219284,150478,348723,-30381,379104,808161,69252,23596,45656,84392,5695,78697,219284,68806,150478
120079,228596,2011-09-13 00:00:00,81351,71118,212248,144266,332327,-40535,372862,797479,86208,40500,45708,81351,10233,71118,212248,67982,144266
131335,226672,2011-09-20 00:00:00,54904,109357,289455,137906,420790,56212,364578,830153,63858,12024,51834,54904,-54453,109357,289455,151549,137906
133148,224828,2011-09-27 00:00:00,69896,84981,253979,140695,387127,21604,365523,812105,53965,3311,50654,69896,-15085,84981,253979,113284,140695
142555,226873,2011-10-04 00:00:00,77652,64375,236797,136445,379352,16034,363318,788966,50099,-3539,53638,77652,13277,64375,236797,100352,136445
130521,218535,2011-10-11 00:00:00,77463,52357,219110,149154,349631,-18058,367689,765710,61996,10290,51706,77463,25106,52357,219110,69956,149154
118893,225561,2011-10-18 00:00:00,88967,70906,215096,135857,333989,-27429,361418,764749,60083,17090,42993,88967,18061,70906,215096,79239,135857
120330,222391,2011-10-25 00:00:00,83381,108167,245622,120945,365952,22616,343336,773132,48040,3253,44787,83381,-24786,108167,245622,124677,120945
136780,224443,2011-11-01 00:00:00,82637,90771,226509,130918,363289,7928,355361,762055,30964,-3045,34009,82637,-8134,90771,226509,95591,130918
150964,224336,2011-11-08 00:00:00,77923,76211,257635,158127,408599,26136,382463,819448,31219,-29211,60430,77923,1712,76211,257635,99508,158127
151468,221212,2011-11-15 00:00:00,77478,82019,257563,153920,409031,33899,375132,810830,33568,-27507,61075,77478,-4541,82019,257563,103643,153920
152053,213735,2011-11-22 00:00:00,82366,81693,217011,181857,369064,-26528,395592,808804,62845,31458,31387,82366,673,81693,217011,35154,181857
137080,205614,2011-11-29 00:00:00,67060,65138,220560,184750,357640,-32724,390364,746732,48563,20607,27956,67060,1922,65138,220560,35810,184750
137104,176213,2011-12-06 00:00:00,75066,66080,207382,180078,344486,-11805,356291,675850,35775,4510,31265,75066,8986,66080,207382,27304,180078
134846,174236,2011-12-13 00:00:00,69741,88099,264111,215710,398957,9011,389946,740340,42032,7092,34940,69741,-18358,88099,264111,48401,215710
135942,166312,2011-12-20 00:00:00,71592,83280,254052,227027,389994,-3345,393339,737722,36538,2483,34055,71592,-11688,83280,254052,27025,227027
132704,194613,2011-12-27 00:00:00,92616,68631,235554,200703,368258,-27058,395316,712654,32363,-2238,34601,92616,23985,68631,235554,34851,200703
137439,197837,2012-01-03 00:00:00,109089,73919,217356,207548,354795,-50590,405385,716202,40997,6814,34183,109089,35170,73919,217356,9808,207548
140877,189771,2012-01-10 00:00:00,90231,81830,211795,182194,352672,-19293,371965,698581,42442,8500,33942,90231,8401,81830,211795,29601,182194
148884,180062,2012-01-17 00:00:00,73318,129648,254246,245192,403130,-22124,425254,805327,99088,60973,38115,73318,-56330,129648,254246,9054,245192
157845,166825,2012-01-24 00:00:00,77962,151183,332465,283390,490310,40095,450215,866947,61985,12500,49485,77962,-73221,151183,332465,49075,283390
153317,235372,2012-01-31 00:00:00,81218,133929,376190,312652,529507,-18517,548024,953559,80301,44752,35549,81218,-52711,133929,376190,63538,312652
170767,252045,2012-02-07 00:00:00,80731,134045,369420,296880,540187,-8738,548925,951306,78923,46511,32412,80731,-53314,134045,369420,72540,296880
160221,279347,2012-02-14 00:00:00,106025,93420,316975,265284,477196,-67435,544631,922705,76817,44291,32526,106025,12605,93420,316975,51691,265284
163929,289752,2012-02-21 00:00:00,84322,87448,299087,223663,463016,-50399,513415,905840,84390,46686,37704,84322,-3126,87448,299087,75424,223663
149567,286926,2012-02-28 00:00:00,86781,78655,287017,220360,436584,-70702,507286,964438,87831,55323,32508,86781,8126,78655,287017,66657,220360
128939,280406,2012-03-06 00:00:00,72070,57694,282842,202444,411781,-71069,482850,900328,91312,58979,32333,72070,14376,57694,282842,80398,202444
119840,286786,2012-03-13 00:00:00,100933,61086,243315,180931,363155,-104562,467717,874011,115173,80448,34725,100933,39847,61086,243315,62384,180931
123017,332898,2012-03-20 00:00:00,132554,47830,193709,144591,316726,-160763,477489,920875,140528,100605,39923,132554,84724,47830,193709,49118,144591
137292,336144,2012-03-27 00:00:00,113402,58926,212849,135791,350141,-121794,471935,881608,145259,98707,46552,113402,54476,58926,212849,77058,135791
128415,278180,2012-04-03 00:00:00,94816,50011,227075,176376,355490,-99066,454556,854351,121498,74585,46913,94816,44805,50011,227075,50699,176376
170807,236420,2012-04-10 00:00:00,65474,77307,206302,211237,377109,-70548,447657,857742,135620,93505,42115,65474,-11833,77307,206302,-4935,211237
194756,186693,2012-04-17 00:00:00,53997,124893,218381,274835,413137,-48391,461528,897925,149404,104787,44617,53997,-70896,124893,218381,-56454,274835
219081,177072,2012-04-24 00:00:00,58861,156579,248425,332302,467506,-41868,509374,973011,171552,126909,44643,58861,-97718,156579,248425,-83877,332302
200841,148410,2012-05-01 00:00:00,57073,183883,287979,370987,488820,-30577,519397,1009948,177511,135716,41795,57073,-126810,183883,287979,-83008,370987
219921,144866,2012-05-08 00:00:00,62961,188983,292891,400511,512812,-32565,545377,1054563,176292,132306,43986,62961,-126022,188983,292891,-107620,400511
220228,113475,2012-05-15 00:00:00,68362,181056,295618,445811,515846,-43440,559286,1072852,178775,131187,47588,68362,-112694,181056,295618,-150193,445811
226216,114557,2012-05-22 00:00:00,75608,154813,243409,424738,469625,-69670,539295,1021306,173511,126220,47291,75608,-79205,154813,243409,-181329,424738
190602,119205,2012-05-29 00:00:00,89282,145539,233758,427067,424360,-121912,546272,976935,194768,152786,41982,89282,-56257,145539,233758,-193309,427067
189419,84104,2012-06-05 00:00:00,65545,166330,231012,419913,420431,-83586,504017,1026459,189643,142995,46648,65545,-100785,166330,231012,-188901,419913
199854,88010,2012-06-12 00:00:00,69604,155022,258350,454911,458204,-84717,542921,1023593,156509,115042,41467,69604,-85418,155022,258350,-196561,454911
175030,92864,2012-06-19 00:00:00,62418,132960,232553,415154,407583,-100435,508018,964373,156281,118803,37478,62418,-70542,132960,232553,-182601,415154
169859,104819,2012-06-26 00:00:00,68127,118022,248709,403839,418568,-90090,508658,928202,141410,103147,38263,68127,-49895,118022,248709,-155130,403839
167999,94705,2012-07-03 00:00:00,69153,57035,193757,423206,361756,-156155,517911,839475,144788,107593,37195,69153,12118,57035,193757,-229449,423206
187694,92623,2012-07-10 00:00:00,50869,66437,248572,490960,436266,-147317,583583,929737,166085,126700,39385,50869,-15568,66437,248572,-242388,490960
179773,84529,2012-07-17 00:00:00,55964,133698,295041,526268,474814,-135983,610797,1149082,200364,160768,39596,55964,-77734,133698,295041,-231227,526268
187315,77683,2012-07-24 00:00:00,47230,165574,306590,518194,493905,-101972,595877,1206757,208241,164567,43674,47230,-118344,165574,306590,-211604,518194
193247,96072,2012-07-31 00:00:00,44106,135075,350987,550873,544234,-102711,646945,1234331,175864,140296,35568,44106,-90969,135075,350987,-199886,550873
204626,101327,2012-08-07 00:00:00,33264,163713,333868,485635,538494,-48468,586962,1180339,156526,124979,31547,33264,-130449,163713,333868,-151767,485635
196861,101595,2012-08-14 00:00:00,39631,136899,337509,479577,534370,-46802,581172,1150028,135055,100226,34829,39631,-97268,136899,337509,-142068,479577
183905,99191,2012-08-21 00:00:00,50346,145256,318569,439682,502474,-36399,538873,1142490,129639,97164,32475,50346,-94910,145256,318569,-121113,439682
199977,101198,2012-08-28 00:00:00,71963,142399,290645,451856,490622,-62432,553054,1062133,116688,91402,25286,71963,-70436,142399,290645,-161211,451856
202581,93357,2012-09-04 00:00:00,68862,137107,304475,507810,507056,-94111,601167,1118317,125259,101482,23777,68862,-68245,137107,304475,-203335,507810
195818,107358,2012-09-11 00:00:00,77705,112482,298030,505326,493848,-118836,612684,1087598,133990,110048,23942,77705,-34777,112482,298030,-207296,505326
195903,142307,2012-09-18 00:00:00,52232,127516,328650,440123,524553,-57877,582430,1043803,109600,82206,27394,52232,-75284,127516,328650,-111473,440123
193754,151095,2012-09-25 00:00:00,47569,108938,376161,457703,569915,-38883,608798,1048596,79784,48821,30963,47569,-61369,108938,376161,-81542,457703
205928,122411,2012-10-02 00:00:00,50973,110663,329557,462667,535485,-49593,585078,1019878,81237,50522,30715,50973,-59690,110663,329557,-133110,462667
207937,122945,2012-10-09 00:00:00,63987,111349,326494,463887,534431,-52401,586832,1021165,69083,42470,26613,63987,-47362,111349,326494,-137393,463887
188455,125465,2012-10-16 00:00:00,83942,103672,347628,488737,536083,-78119,614202,1047391,69905,40733,29172,83942,-19730,103672,347628,-141109,488737
192961,145774,2012-10-23 00:00:00,93942,91012,299555,434869,492516,-88127,580643,1083495,90827,61418,29409,93942,2930,91012,299555,-135314,434869
195100,148718,2012-10-30 00:00:00,103680,75850,264544,435239,459644,-124313,583957,1056008,112883,78000,34883,103680,27830,75850,264544,-170695,435239
202107,124820,2012-11-06 00:00:00,85731,86196,280283,475429,482390,-117859,600249,1081345,121285,90514,30771,85731,-465,86196,280283,-195146,475429
250489,108863,2012-11-13 00:00:00,98448,128025,266961,528082,517450,-119495,636945,1166575,131967,100829,31138,98448,-29577,128025,266961,-261121,528082
267942,104407,2012-11-20 00:00:00,110878,112793,252526,581895,520468,-165834,686302,1223724,131415,100265,31150,110878,-1915,112793,252526,-329369,581895
266849,100664,2012-11-27 00:00:00,115537,89607,211139,553612,477988,-176288,654276,1157985,127966,90502,37464,115537,25930,89607,211139,-342473,553612
256789,90377,2012-12-04 00:00:00,108192,84856,216431,547596,473220,-164753,637973,1080903,124699,86985,37714,108192,23336,84856,216431,-331165,547596
273960,76825,2012-12-11 00:00:00,113471,112574,210165,544471,484125,-137171,621296,1076241,126009,85032,40977,113471,897,112574,210165,-334306,544471
276840,78075,2012-12-18 00:00:00,102004,133496,270031,612333,546871,-143537,690408,1135207,158512,123480,35032,102004,-31492,133496,270031,-342302,612333
267920,86729,2012-12-24 00:00:00,106372,133359,242455,581707,510375,-158061,668436,1099373,169518,134467,35051,106372,-26987,133359,242455,-339252,581707
271497,86716,2012-12-31 00:00:00,92019,133674,256731,587876,528228,-146364,674592,1100626,170668,135884,34784,92019,-41655,133674,256731,-331145,587876
261195,105685,2013-01-08 00:00:00,101439,154017,201196,477090,462391,-120384,582775,1028893,171372,137256,34116,101439,-52578,154017,201196,-275894,477090
280994,124414,2013-01-15 00:00:00,86622,161483,234793,507156,515787,-115783,631570,1076898,179323,140923,38400,86622,-74861,161483,234793,-272363,507156
278765,137057,2013-01-22 00:00:00,79312,145369,215635,481351,494400,-124008,618408,1050884,177631,138849,38782,79312,-66057,145369,215635,-265716,481351
221597,151312,2013-01-29 00:00:00,88130,107774,210835,437009,432432,-155889,588321,1017673,197967,156897,41070,88130,-19644,107774,210835,-226174,437009
214215,173093,2013-02-05 00:00:00,149362,103706,218638,474466,432853,-214706,647559,1117989,182080,129555,52525,149362,45656,103706,218638,-255828,474466
240936,183672,2013-02-12 00:00:00,64578,117048,237516,426930,478452,-132150,610602,1095119,177195,137694,39501,64578,-52470,117048,237516,-189414,426930
223510,193009,2013-02-19 00:00:00,92013,122064,223212,402239,446722,-148526,595248,1073457,180544,136436,44108,92013,-30051,122064,223212,-179027,402239
212289,188480,2013-02-26 00:00:00,108157,157070,301252,442815,513541,-117754,631295,1196223,155811,113623,42188,108157,-48913,157070,301252,-141563,442815
200123,180508,2013-03-05 00:00:00,101008,150127,314628,434577,514751,-100334,615085,1146993,120384,80005,40379,101008,-49119,150127,314628,-119949,434577
202483,196156,2013-03-12 00:00:00,89093,124970,319191,416378,521674,-90860,612534,1084106,127564,78256,49308,89093,-35877,124970,319191,-97187,416378
195118,223196,2013-03-19 00:00:00,48808,133656,314789,323836,509907,-37125,547032,1009545,121823,73893,47930,48808,-84848,133656,314789,-9047,323836
171366,257736,2013-03-26 00:00:00,54212,141411,306542,281498,477908,-61326,539234,1011207,146683,94032,52651,54212,-87199,141411,306542,25044,281498
175834,245615,2013-04-02 00:00:00,64104,138636,280592,282937,456426,-72126,528552,987571,116621,70597,46024,64104,-74532,138636,280592,-2345,282937
172571,225665,2013-04-09 00:00:00,51048,150836,304787,251288,477358,405,476953,1006168,97396,41071,56325,51048,-99788,150836,304787,53499,251288
191715,208799,2013-04-16 00:00:00,43214,129164,292905,278019,484620,-2198,486818,994202,96046,39014,57032,43214,-85950,129164,292905,14886,278019
193850,194995,2013-04-23 00:00:00,55915,124956,283561,293973,477411,-11557,488968,1011090,84998,26320,58678,55915,-69041,124956,283561,-10412,293973
207242,171168,2013-04-30 00:00:00,54098,128133,293042,355851,500284,-26735,527019,1070985,114409,52473,61936,54098,-74035,128133,293042,-62809,355851
201671,172107,2013-05-07 00:00:00,59004,131619,266256,334041,467927,-38221,506148,1052539,114030,67864,46166,59004,-72615,131619,266256,-67785,334041
209762,190431,2013-05-14 00:00:00,59779,114256,236621,295022,446383,-39070,485453,1015520,103330,45011,58319,59779,-54477,114256,236621,-58401,295022
202600,188105,2013-05-21 00:00:00,60477,93565,216201,272338,418801,-41642,460443,995753,101023,38331,62692,60477,-33088,93565,216201,-56137,272338
179054,205975,2013-05-28 00:00:00,58986,89330,224966,259900,404020,-61855,465875,1106820,96726,34927,61799,58986,-30344,89330,224966,-34934,259900
193657,208735,2013-06-04 00:00:00,65044,82108,198301,219671,391958,-36448,428406,965748,105443,44168,61275,65044,-17064,82108,198301,-21370,219671
206297,206504,2013-06-11 00:00:00,98658,60185,182544,223994,388841,-41657,430498,915422,69039,5608,63431,98658,38473,60185,182544,-41450,223994
207798,203662,2013-06-18 00:00:00,64598,72779,185685,249699,393483,-59878,453361,916274,126148,66636,59512,64598,-8181,72779,185685,-64014,249699
194990,234139,2013-06-25 00:00:00,95619,70492,190598,191606,385588,-40157,425745,891813,84935,31165,53770,95619,25127,70492,190598,-1008,191606
180483,256305,2013-07-02 00:00:00,100767,51769,188690,177088,369173,-64220,433393,892604,101663,39510,62153,100767,48998,51769,188690,11602,177088
202288,250943,2013-07-09 00:00:00,106703,63972,170253,159853,372541,-38255,410796,891490,72243,19113,53130,106703,42731,63972,170253,10400,159853
211747,234378,2013-07-16 00:00:00,120832,62713,154846,197104,366593,-64889,431482,915619,87812,27932,59880,120832,58119,62713,154846,-42258,197104
214234,241455,2013-07-23 00:00:00,96445,87258,185100,213829,399334,-55950,455284,942212,102464,46003,56461,96445,9187,87258,185100,-28729,213829
214813,277085,2013-07-30 00:00:00,100802,84754,201360,211789,416173,-72701,488874,945214,95799,41035,54764,100802,16048,84754,201360,-10429,211789
237201,303053,2013-08-06 00:00:00,100519,89915,230136,183118,467337,-18834,486171,957795,54224,1353,52871,100519,10604,89915,230136,47018,183118
244553,311705,2013-08-13 00:00:00,104260,81753,238515,183763,483068,-12400,495468,966706,43724,-11928,55652,104260,22507,81753,238515,54752,183763
226963,329010,2013-08-20 00:00:00,113077,80482,226093,155501,453056,-31455,484511,979310,59683,1368,58315,113077,32595,80482,226093,70592,155501
218686,320914,2013-08-27 00:00:00,100320,69928,202437,131356,421123,-31147,452270,902910,67959,16984,50975,100320,30392,69928,202437,71081,131356
219940,296951,2013-09-03 00:00:00,88756,71251,195421,124208,415361,-5798,421159,831785,69732,16382,53350,88756,17505,71251,195421,71213,124208
219377,344967,2013-09-10 00:00:00,116927,64948,233686,115796,453063,-7700,460763,882221,52344,-7689,60033,116927,51979,64948,233686,117890,115796
227313,353917,2013-09-17 00:00:00,116598,74766,244314,114420,471627,3290,468337,888310,51587,-9181,60768,116598,41832,74766,244314,129894,114420
262472,361927,2013-09-24 00:00:00,85614,90268,218653,108130,481125,11068,470057,885247,72553,14047,58506,85614,-4654,90268,218653,110523,108130
281486,337062,2013-10-01 00:00:00,89951,89231,249063,187621,530549,5866,524683,941009,62693,-411,63104,89951,720,89231,249063,61442,187621
293071,295742,2013-10-08 00:00:00,99423,108377,257644,232439,550715,22534,528181,975588,51570,-12411,63981,99423,-8954,108377,257644,25205,232439
308295,286021,2013-10-15 00:00:00,109885,99940,232570,227241,540865,27603,513262,975081,42480,-30923,73403,109885,9945,99940,232570,5329,227241
289461,293638,2013-10-22 00:00:00,102281,92851,262619,238722,552080,19720,532360,983307,31280,-34811,66091,102281,9430,92851,262619,23897,238722
296315,284951,2013-10-29 00:00:00,97833,113024,282162,253617,578477,39909,538568,995268,32502,-29198,61700,97833,-15191,113024,282162,28545,253617
276679,270477,2013-11-05 00:00:00,78066,100814,324881,288575,601560,42508,559052,1016063,46207,-18889,65096,78066,-22748,100814,324881,36306,288575
268848,264975,2013-11-12 00:00:00,108445,81992,303920,319707,572768,-11914,584682,1006281,38953,-23002,61955,108445,26453,81992,303920,-15787,319707
266443,228232,2013-11-19 00:00:00,118305,83598,293402,352365,559845,-20752,580597,1050283,39121,-23135,62256,118305,34707,83598,293402,-58963,352365
242773,220000,2013-11-26 00:00:00,90191,86438,294618,317601,537391,-210,537601,1019710,38779,-19313,58092,90191,3753,86438,294618,-22983,317601
249628,225859,2013-12-03 00:00:00,90903,69891,287920,317431,537548,-5742,543290,1009192,35460,-30904,66364,90903,21012,69891,287920,-29511,317431
240676,231559,2013-12-10 00:00:00,83172,55274,213014,249501,453690,-27370,481060,918012,54163,-9356,63519,83172,27898,55274,213014,-36487,249501
236205,241624,2013-12-17 00:00:00,77331,49762,184585,215628,420790,-36462,457252,844496,61605,5423,56182,77331,27569,49762,184585,-31043,215628
244897,237162,2013-12-24 00:00:00,80593,43294,176500,231624,421397,-47389,468786,811712,66968,15068,51900,80593,37299,43294,176500,-55124,231624
228359,251945,2013-12-31 00:00:00,99571,41094,147733,191746,376092,-67599,443691,767809,65500,13018,52482,99571,58477,41094,147733,-44013,191746
224491,277914,2014-01-07 00:00:00,87723,72433,186870,149463,411361,-16016,427377,790002,63750,6469,57281,87723,15290,72433,186870,37407,149463
220330,282019,2014-01-14 00:00:00,74449,90844,213332,124134,433662,27509,406153,826506,66728,393,66335,74449,-16395,90844,213332,89198,124134
217044,295398,2014-01-21 00:00:00,81513,108014,270736,156039,487780,36343,451437,927818,66521,963,65558,81513,-26501,108014,270736,114697,156039
210246,301441,2014-01-28 00:00:00,73848,117777,306297,160058,516543,55044,461499,968734,57317,-3966,61283,73848,-43929,117777,306297,146239,160058
219566,274536,2014-02-04 00:00:00,63471,124301,256360,150647,475926,50743,425183,951786,57936,-3078,61014,63471,-60830,124301,256360,105713,150647
225821,245818,2014-02-11 00:00:00,57889,129531,229876,141389,455697,68490,387207,935057,55573,-7532,63105,57889,-71642,129531,229876,88487,141389
219285,259365,2014-02-18 00:00:00,55253,138676,253041,114688,472326,98273,374053,959505,45582,-18218,63800,55253,-83423,138676,253041,138353,114688
231758,260776,2014-02-25 00:00:00,58050,152318,263382,117885,495140,116479,378661,1033462,47480,-23206,70686,58050,-94268,152318,263382,145497,117885
218075,254471,2014-03-04 00:00:00,52794,141720,248941,107104,467016,105441,361575,922675,46890,-23622,70512,52794,-88926,141720,248941,141837,107104
221860,276257,2014-03-11 00:00:00,71353,158184,281615,108228,503475,118990,384485,945645,42592,-24515,67107,71353,-86831,158184,281615,173387,108228
204020,288303,2014-03-18 00:00:00,55002,141013,322660,109546,526680,128831,397849,946080,30289,-34441,64730,55002,-86011,141013,322660,213114,109546
164727,320467,2014-03-25 00:00:00,80340,163746,429324,123521,594051,150063,443988,1044728,36159,-35136,71295,80340,-83406,163746,429324,305803,123521
189310,322601,2014-04-01 00:00:00,63280,133615,467076,144192,656386,189593,466793,1083188,21121,-81780,102901,63280,-70335,133615,467076,322884,144192
253743,333895,2014-04-08 00:00:00,39880,153921,470204,159132,723947,230920,493027,1127482,22983,-91386,114369,39880,-114041,153921,470204,311072,159132
287739,338098,2014-04-15 00:00:00,26046,151248,445234,158726,732973,236149,496824,1163320,28205,-96377,124582,26046,-125202,151248,445234,286508,158726
287471,360601,2014-04-22 00:00:00,40382,132550,440711,160800,728182,206781,521401,1150820,26874,-95688,122562,40382,-92168,132550,440711,279911,160800
288873,387941,2014-04-29 00:00:00,58707,130645,455853,180129,744726,176656,568070,1182455,34785,-90020,124805,58707,-71938,130645,455853,275724,180129
275531,380335,2014-05-06 00:00:00,46036,133948,474831,179307,750362,190720,559642,1194067,22711,-76891,99602,46036,-87912,133948,474831,295524,179307
236674,370159,2014-05-13 00:00:00,41115,139515,505133,179427,741807,192221,549586,1208014,32925,-70773,103698,41115,-98400,139515,505133,325706,179427
240232,370292,2014-05-20 00:00:00,54530,159838,509681,180003,749913,199618,550295,1275500,36246,-70720,106966,54530,-105308,159838,509681,329678,180003
238304,352781,2014-05-27 00:00:00,47342,168565,519247,193655,757551,211115,546436,1224230,31550,-60533,92083,47342,-121223,168565,519247,325592,193655
241910,356161,2014-06-03 00:00:00,43605,137909,475693,173801,717603,187641,529962,1123473,30044,-61541,91585,43605,-94304,137909,475693,301892,173801
235563,338584,2014-06-10 00:00:00,48082,167898,458648,158757,694211,196870,497341,1074659,31953,-42326,74279,48082,-119816,167898,458648,299891,158757
220128,336417,2014-06-17 00:00:00,47445,128655,467276,183767,687404,167220,520184,1089544,37643,-50984,88627,47445,-81210,128655,467276,283509,183767
216714,357080,2014-06-24 00:00:00,31606,124493,532515,190944,749229,201205,548024,1059947,44419,-51220,95639,31606,-92887,124493,532515,341571,190944
201507,377752,2014-07-01 00:00:00,42030,140065,576100,175912,777607,223943,553664,1122949,38294,-89027,127321,42030,-98035,140065,576100,400188,175912
204130,377635,2014-07-08 00:00:00,47795,141203,558326,176195,762456,208626,553830,1122944,53577,-64131,117708,47795,-93408,141203,558326,382131,176195
211356,391558,2014-07-15 00:00:00,53772,142739,587071,193381,798427,213488,584939,1178831,62604,-71604,134208,53772,-88967,142739,587071,393690,193381
217141,404549,2014-07-22 00:00:00,49111,146988,598873,203907,816014,207558,608456,1212995,68118,-64705,132823,49111,-97877,146988,598873,394966,203907
217952,437858,2014-07-29 00:00:00,45240,203831,611449,198690,829401,192853,636548,1296855,142851,3030,139821,45240,-158591,203831,611449,412759,198690
230344,476787,2014-08-05 00:00:00,73391,227383,639077,181709,869421,210925,658496,1369582,132436,-14369,146805,73391,-153992,227383,639077,457368,181709
245746,471802,2014-08-12 00:00:00,55245,241122,630727,188691,876473,215980,660493,1388843,130158,-14309,144467,55245,-185877,241122,630727,442036,188691
246029,467881,2014-08-19 00:00:00,57900,251404,678940,211261,924969,245827,679142,1504357,142480,-23027,165507,57900,-193504,251404,678940,467679,211261
239400,463853,2014-08-26 00:00:00,58487,234846,724355,303596,963755,196306,767449,1553236,139082,25024,114058,58487,-176359,234846,724355,420759,303596
246399,452032,2014-09-02 00:00:00,64768,222660,666632,292198,913031,168801,744230,1415710,141458,22546,118912,64768,-157892,222660,666632,374434,292198
250569,482432,2014-09-09 00:00:00,89226,192949,732896,319817,983465,181216,802249,1447857,99991,-23699,123690,89226,-103723,192949,732896,413079,319817
246258,484845,2014-09-16 00:00:00,112627,251865,845243,441118,1091501,165538,925963,1619965,142928,21534,121394,112627,-139238,251865,845243,404125,441118
264703,503059,2014-09-23 00:00:00,124653,228374,909088,512868,1173791,157864,1015927,1749312,162438,-5899,168337,124653,-103721,228374,909088,396220,512868
281224,515466,2014-09-30 00:00:00,107092,196690,869564,472081,1150788,163241,987547,1670737,143713,-25681,169394,107092,-89598,196690,869564,397483,472081
278506,486692,2014-10-07 00:00:00,101445,222358,759300,345597,1037806,205517,832289,1587811,135791,-22533,158324,101445,-120913,222358,759300,413703,345597
272366,485313,2014-10-14 00:00:00,91457,230897,714567,274185,986933,227435,759498,1515336,121736,-43788,165524,91457,-139440,230897,714567,440382,274185
273920,508920,2014-10-21 00:00:00,95674,191617,648028,260084,921948,152944,769004,1485305,139315,-32459,171774,95674,-95943,191617,648028,387944,260084
252315,515760,2014-10-28 00:00:00,107682,213215,646692,215492,899007,167755,731252,1432324,138313,-35675,173988,107682,-105533,213215,646692,431200,215492
240231,498064,2014-11-04 00:00:00,92113,182059,621213,184546,861444,178834,682610,1369547,122557,-51949,174506,92113,-89946,182059,621213,436667,184546
244492,510328,2014-11-11 00:00:00,99814,154963,657812,208338,902304,183638,718666,1447852,112710,-94575,207285,99814,-55149,154963,657812,449474,208338
259466,516024,2014-11-18 00:00:00,77457,158527,749282,220751,1008748,271973,736775,1563307,106353,-151500,257853,77457,-81070,158527,749282,528531,220751
241415,497833,2014-11-25 00:00:00,75671,154831,722998,203056,964413,263524,700889,1506823,103238,-136507,239745,75671,-79160,154831,722998,519942,203056
267177,477023,2014-12-02 00:00:00,75063,150731,656531,211238,923708,235447,688261,1447905,110954,-119149,230103,75063,-75668,150731,656531,445293,211238
269213,451024,2014-12-09 00:00:00,76580,141271,663687,220207,932900,261669,671231,1377929,79148,-145918,225066,76580,-64691,141271,663687,443480,220207
267976,464112,2014-12-16 00:00:00,74543,111473,628336,189146,896312,243054,653258,1336159,84354,-151355,235709,74543,-36930,111473,628336,439190,189146
272795,452405,2014-12-23 00:00:00,68913,107948,587503,166248,860298,241645,618653,1312234,92197,-144019,236216,68913,-39035,107948,587503,421255,166248
281360,451185,2014-12-30 00:00:00,74750,109510,578002,176957,859362,231220,628142,1311000,100737,-135389,236126,74750,-34760,109510,578002,401045,176957
284680,454760,2015-01-06 00:00:00,72110,112445,585733,182090,870413,233563,636850,1346626,92404,-135309,227713,72110,-40335,112445,585733,403643,182090
283248,432776,2015-01-13 00:00:00,65322,120047,581328,176128,864576,255672,608904,1369953,82641,-147886,230527,65322,-54725,120047,581328,405200,176128
267629,427544,2015-01-20 00:00:00,77462,115016,540159,173541,807788,206703,601085,1392316,120700,-120404,241104,77462,-37554,115016,540159,366618,173541
258035,442690,2015-01-27 00:00:00,82678,154639,565299,157628,823334,223016,600318,1398749,120624,-113948,234572,82678,-71961,154639,565299,407671,157628
279847,455350,2015-02-03 00:00:00,97788,139481,589979,172190,869826,242286,627540,1448094,74522,-156671,231193,97788,-41693,139481,589979,417789,172190
266566,445823,2015-02-10 00:00:00,100655,162926,647055,187679,913621,280119,633502,1531064,79955,-163768,243723,100655,-62271,162926,647055,459376,187679
261236,471823,2015-02-17 00:00:00,100112,194760,705713,201011,966949,294115,672834,1686097,107871,-143552,251423,100112,-94648,194760,705713,504702,201011
233600,460269,2015-02-24 00:00:00,75578,161672,689490,193209,923090,269612,653478,1611188,92230,-137100,229330,75578,-86094,161672,689490,496281,193209
260252,450952,2015-03-03 00:00:00,50662,117089,629262,209334,889514,229228,660286,1413677,109103,-118428,227531,50662,-66427,117089,629262,419928,209334
258685,451403,2015-03-10 00:00:00,45403,155739,605201,191868,863886,220615,643271,1405362,157926,-67585,225511,45403,-110336,155739,605201,413333,191868
241455,445383,2015-03-17 00:00:00,39312,134783,588989,195006,830444,190055,640389,1405589,185896,-59167,245063,39312,-95471,134783,588989,393983,195006
220456,434107,2015-03-24 00:00:00,44495,121196,633395,166963,853851,252781,601070,1462139,192258,-138682,330940,44495,-76701,121196,633395,466432,166963
261557,408223,2015-03-31 00:00:00,52433,112540,528167,156615,789724,224886,564838,1406772,198923,-126879,325802,52433,-60107,112540,528167,371552,156615
255790,421426,2015-04-07 00:00:00,42732,100278,525050,160284,780840,199130,581710,1393638,203534,-111751,315285,42732,-57546,100278,525050,364766,160284
239067,428951,2015-04-14 00:00:00,49358,115641,588603,169435,827670,229284,598386,1439126,190999,-138271,329270,49358,-66283,115641,588603,419168,169435
238260,428371,2015-04-21 00:00:00,51263,130180,604751,159913,843011,254727,588284,1509761,191157,-139895,331052,51263,-78917,130180,604751,444838,159913
245267,441290,2015-04-28 00:00:00,49355,116302,634693,166839,879960,271831,608129,1508523,173620,-167410,341030,49355,-66947,116302,634693,467854,166839
240140,451815,2015-05-05 00:00:00,57100,100460,652188,157814,892328,282699,609629,1486041,151385,-199464,350849,57100,-43360,100460,652188,494374,157814
228483,446788,2015-05-12 00:00:00,32203,105492,590310,171108,818793,200897,617896,1412079,151657,-90599,242256,32203,-73289,105492,590310,419202,171108
229185,454793,2015-05-19 00:00:00,49502,89768,556245,206716,785430,123921,661509,1432326,120919,-49918,170837,49502,-40266,89768,556245,349529,206716
212387,439450,2015-05-26 00:00:00,33104,101974,557717,195516,770104,135138,634966,1445999,129193,-15416,144609,33104,-68870,101974,557717,362201,195516
219834,414621,2015-06-02 00:00:00,21841,101728,490849,174742,710683,121320,589363,1187958,123652,-10069,133721,21841,-79887,101728,490849,316107,174742
211822,422672,2015-06-09 00:00:00,35033,84779,510788,177517,722610,122421,600189,1193280,94914,-35649,130563,35033,-49746,84779,510788,333271,177517
205500,441536,2015-06-16 00:00:00,47745,136798,504090,158867,709590,109187,600403,1275808,160063,21311,138752,47745,-89053,136798,504090,345223,158867
212670,433119,2015-06-23 00:00:00,34752,111450,516365,168906,729035,127010,602025,1278572,120926,-26726,147652,34752,-76698,111450,516365,347459,168906
213415,433990,2015-06-30 00:00:00,32570,95403,486189,169772,699604,95842,603762,1278567,151622,-6174,157796,32570,-62833,95403,486189,316417,169772
240050,421250,2015-07-07 00:00:00,29760,111274,513588,163246,753638,169142,584496,1314942,154280,-60965,215245,29760,-81514,111274,513588,350342,163246
248732,434328,2015-07-14 00:00:00,27612,125085,520326,197573,769058,137157,631901,1389579,186688,-12602,199290,27612,-97473,125085,520326,322753,197573
240266,453944,2015-07-21 00:00:00,28433,124386,515770,202277,756036,99815,656221,1406749,225439,31471,193968,28433,-95953,124386,515770,313493,202277
246954,448448,2015-07-28 00:00:00,23172,119489,500442,215328,747396,83620,663776,1413843,237928,45988,191940,23172,-96317,119489,500442,285114,215328
266887,473332,2015-08-04 00:00:00,22404,130072,501586,221047,768473,74094,694379,1457975,247234,66151,181083,22404,-107668,130072,501586,280539,221047
262578,480537,2015-08-11 00:00:00,27073,169490,525366,208985,787944,98422,689522,1510639,262005,82197,179808,27073,-142417,169490,525366,316381,208985
271083,487538,2015-08-18 00:00:00,36462,155780,513761,201926,784844,95380,689464,1502841,240727,62443,178284,36462,-119318,155780,513761,311835,201926
274921,456670,2015-08-25 00:00:00,26101,135904,461032,192174,735953,87109,648844,1401458,229405,55382,174023,26101,-109803,135904,461032,268858,192174
294974,417551,2015-09-01 00:00:00,20090,121974,415774,194485,710748,98712,612036,1258499,186192,19747,166445,20090,-101884,121974,415774,221289,194485
272254,400825,2015-09-08 00:00:00,15776,124497,412447,155192,684701,128684,556017,1187889,171047,-1865,172912,15776,-108721,124497,412447,257255,155192
264276,423903,2015-09-15 00:00:00,23419,110079,447581,153927,711857,134027,577830,1208134,137267,-39138,176405,23419,-86660,110079,447581,293654,153927
257155,394271,2015-09-22 00:00:00,22867,101855,409633,157980,666788,114537,552251,1203699,141424,-29338,170762,22867,-78988,101855,409633,251653,157980
259681,386411,2015-09-29 00:00:00,44532,106893,385560,195792,645241,63038,582203,1158355,140957,15364,125593,44532,-62361,106893,385560,189768,195792
245426,371240,2015-10-06 00:00:00,30216,100901,381646,186709,627072,69123,557949,1114541,138912,16950,121962,30216,-70685,100901,381646,194937,186709
259579,363861,2015-10-13 00:00:00,31801,102903,385795,209029,645374,72484,572890,1140075,137296,10278,127018,31801,-71102,102903,385795,176766,209029
253407,407547,2015-10-20 00:00:00,48146,77766,373820,195135,627227,24545,602682,1135112,136753,14814,121939,48146,-29620,77766,373820,178685,195135
259174,368345,2015-10-27 00:00:00,34307,101296,373011,235187,632185,28653,603532,1192968,170776,47316,123460,34307,-66989,101296,373011,137824,235187
260396,351913,2015-11-03 00:00:00,53748,88945,313523,208923,573919,13083,560836,1147881,163201,40608,122593,53748,-35197,88945,313523,104600,208923
240359,322336,2015-11-10 00:00:00,62584,106050,319289,222332,559648,14980,544668,1151508,174574,61841,112733,62584,-43466,106050,319289,96957,222332
252763,316067,2015-11-17 00:00:00,65495,102210,264941,188764,517704,12873,504831,1109916,170227,57065,113162,65495,-36715,102210,264941,76177,188764
277755,315789,2015-11-24 00:00:00,51836,95907,224613,175471,502368,11108,491260,1071654,174439,68602,105837,51836,-44071,95907,224613,49142,175471
276966,312737,2015-12-01 00:00:00,38963,76081,231561,169378,508527,26412,482115,1002548,152315,42729,109586,38963,-37118,76081,231561,62183,169378
284082,303287,2015-12-08 00:00:00,53406,82948,223698,165430,507780,39063,468717,992768,147066,33376,113690,53406,-29542,82948,223698,58268,165430
287370,288276,2015-12-15 00:00:00,51520,97072,241620,186774,528990,53940,475050,1024346,158695,28501,130194,51520,-45552,97072,241620,54846,186774
284720,289340,2015-12-22 00:00:00,51360,95198,223793,202794,508513,16379,492134,1014104,178871,61478,117393,51360,-43838,95198,223793,20999,202794
318356,297235,2015-12-29 00:00:00,40054,92308,227225,216985,545581,31361,514220,1032135,184664,66371,118293,40054,-52254,92308,227225,10240,216985
299372,304383,2016-01-05 00:00:00,44007,63417,254751,254081,554123,-4341,558464,1048763,172528,61162,111366,44007,-19410,63417,254751,670,254081
339593,287872,2016-01-12 00:00:00,23736,97560,289337,239790,628930,101268,527662,1051892,126175,7050,119125,23736,-73824,97560,289337,49547,239790
333240,268173,2016-01-19 00:00:00,22709,98099,303433,248191,636673,120309,516364,1054593,121388,-8318,129706,22709,-75390,98099,303433,55242,248191
338555,266177,2016-01-26 00:00:00,19583,104835,321475,261889,660030,131964,528066,1086820,123658,-6610,130268,19583,-85252,104835,321475,59586,261889
349392,248956,2016-02-02 00:00:00,25050,134369,327583,288322,676975,139697,537278,1145378,129820,584,129236,25050,-109319,134369,327583,39261,288322
357884,226174,2016-02-09 00:00:00,22638,151091,350110,342485,707994,139335,568659,1222335,137232,13321,123911,22638,-128453,151091,350110,7625,342485
350766,201950,2016-02-16 00:00:00,16812,137318,364538,349027,715304,164327,550977,1229483,105865,-14282,120147,16812,-120506,137318,364538,15511,349027
352201,200759,2016-02-23 00:00:00,14162,119796,371047,339030,723248,183459,539789,1160928,55023,-65217,120240,14162,-105634,119796,371047,32017,339030
365399,211397,2016-03-01 00:00:00,24581,123629,322579,286920,687978,189661,498317,1086148,59017,-57048,116065,24581,-99048,123629,322579,35659,286920
372844,241016,2016-03-08 00:00:00,17131,92815,286320,231893,659164,186255,472909,1005779,30236,-84283,114519,17131,-75684,92815,286320,54427,231893
335868,255066,2016-03-15 00:00:00,24757,73358,259947,184820,595815,155929,439886,949290,27580,-80332,107912,24757,-48601,73358,259947,75127,184820
348687,234784,2016-03-22 00:00:00,28485,77808,243632,197328,592319,160207,432112,955436,47296,-74717,122013,28485,-49323,77808,243632,46304,197328
354694,167502,2016-03-29 00:00:00,23770,101710,256466,247398,611160,196260,414900,963994,46241,-81973,128214,23770,-77940,101710,256466,9068,247398
372648,145111,2016-04-05 00:00:00,24318,80359,271369,307401,644017,191505,452512,1018052,51671,-120932,172603,24318,-56041,80359,271369,-36032,307401
384053,154338,2016-04-12 00:00:00,22124,86696,288792,290347,672845,228160,444685,1037844,43961,-140052,184013,22124,-64572,86696,288792,-1555,290347
411042,174846,2016-04-19 00:00:00,20243,104114,282846,268147,693888,250895,442993,1064630,48881,-136137,185018,20243,-83871,104114,282846,14699,268147
411586,165815,2016-04-26 00:00:00,23381,100725,280921,265201,692507,261491,431016,1088412,50248,-154698,204946,23381,-77344,100725,280921,15720,265201
437872,160441,2016-05-03 00:00:00,20747,118117,265108,244987,702980,297552,405428,1085854,49517,-173152,222669,20747,-97370,118117,265108,20121,244987
460984,170372,2016-05-10 00:00:00,19190,132226,273832,257209,734816,307235,427581,1143031,50607,-169793,220400,19190,-113036,132226,273832,16623,257209
428338,169905,2016-05-17 00:00:00,27293,108300,281129,258357,709467,281205,428262,1166010,50022,-162807,212829,27293,-81007,108300,281129,22772,258357
439497,162234,2016-05-24 00:00:00,24636,120932,238110,226118,677607,289255,388352,1198701,59840,-146975,206815,24636,-96296,120932,238110,11992,226118
405970,154483,2016-05-31 00:00:00,25675,89215,197670,218618,603640,230539,373101,1028577,54486,-149889,204375,25675,-63540,89215,197670,-20948,218618
380180,161160,2016-06-07 00:00:00,22416,80197,240414,209035,620594,250399,370195,996112,47180,-166301,213481,22416,-57781,80197,240414,31379,209035
373497,168325,2016-06-14 00:00:00,21931,103610,278632,225092,652129,258712,393417,1044983,55936,-149185,205121,21931,-81679,103610,278632,53540,225092
363531,176251,2016-06-21 00:00:00,14970,89648,284785,232445,648316,239620,408696,1054722,60740,-149218,209958,14970,-74678,89648,284785,52340,232445
343649,170291,2016-06-28 00:00:00,24192,81808,263583,208172,607232,228769,378463,1005734,63457,-159163,222620,24192,-57616,81808,263583,55411,208172
461338,172182,2016-07-05 00:00:00,21690,86883,241431,292788,702769,237799,464970,1120584,65848,-165419,231267,21690,-65193,86883,241431,-51357,292788
357324,174064,2016-07-12 00:00:00,46026,63632,251966,242003,609290,193223,416067,1055058,68834,-158868,227702,46026,-17606,63632,251966,9963,242003
370415,196927,2016-07-19 00:00:00,48031,67977,253745,240691,624160,186542,437618,1065274,69661,-150037,219698,48031,-19946,67977,253745,13054,240691
372222,213726,2016-07-26 00:00:00,40789,83357,277649,246389,649871,189756,460115,1083374,75891,-128260,204151,40789,-42568,83357,277649,31260,246389
351932,211356,2016-08-02 00:00:00,31460,104468,297172,245671,649104,192077,457027,1112840,108988,-97971,206959,31460,-73008,104468,297172,51501,245671
344129,216768,2016-08-09 00:00:00,27055,96867,283245,230655,627374,179951,447423,1137244,118024,-82765,200789,27055,-69812,96867,283245,52590,230655
343568,209510,2016-08-16 00:00:00,54074,96641,289385,240313,632953,183130,449823,1151409,91146,-109127,200273,54074,-42567,96641,289385,49072,240313
314310,211381,2016-08-23 00:00:00,49521,87128,286606,224404,600916,165131,435785,1183030,103908,-99879,203787,49521,-37607,87128,286606,62202,224404
324972,199185,2016-08-30 00:00:00,36771,99712,287099,206835,612071,206051,406020,1131325,96513,-108103,204616,36771,-62941,99712,287099,80264,206835
340336,193983,2016-09-06 00:00:00,55851,104012,289725,205165,630061,230913,399148,1070604,53655,-152193,205848,55851,-48161,104012,289725,84560,205165
324299,177271,2016-09-13 00:00:00,54965,84763,257027,174821,581326,229234,352092,999025,53952,-162043,215995,54965,-29798,84763,257027,82206,174821
298569,166629,2016-09-20 00:00:00,33405,90320,272122,141131,570691,262931,307760,999159,56039,-182027,238066,33405,-56915,90320,272122,130991,141131
308446,168134,2016-09-27 00:00:00,34895,125221,313302,166399,621748,287215,334533,1035452,62056,-167818,229874,34895,-90326,125221,313302,146903,166399
312946,247579,2016-10-04 00:00:00,53231,83755,372617,175230,685563,262754,422809,1130959,54447,-206955,261402,53231,-30524,83755,372617,197387,175230
309782,289221,2016-10-11 00:00:00,83788,62427,450212,177714,759994,293059,466935,1299595,61082,-279812,340894,83788,21361,62427,450212,272498,177714
325092,309724,2016-10-18 00:00:00,53499,68505,503567,171306,828659,347629,481030,1327427,58820,-286711,345531,53499,-15006,68505,503567,332261,171306
343067,295457,2016-10-25 00:00:00,42603,92704,480896,153517,823963,374989,448974,1269439,56886,-270914,327800,42603,-50101,92704,480896,327379,153517
339955,288821,2016-11-01 00:00:00,51115,67318,445840,167497,785795,329477,456318,1283493,58651,-271543,330194,51115,-16203,67318,445840,278343,167497
318950,239699,2016-11-08 00:00:00,38872,78334,435400,215231,754350,299420,454930,1240559,75884,-221402,297286,38872,-39462,78334,435400,220169,215231
333699,249933,2016-11-15 00:00:00,36479,92614,347882,213333,681581,218315,463266,1216366,125250,-109290,234540,36479,-56135,92614,347882,134549,213333
343255,259816,2016-11-22 00:00:00,42087,75365,275281,178667,618536,180053,438483,1239714,124687,-100896,225583,42087,-33278,75365,275281,96614,178667
326069,262375,2016-11-29 00:00:00,38459,59007,298768,158587,624837,203875,420962,1183677,102697,-129088,231785,38459,-20548,59007,298768,140181,158587
359367,257100,2016-12-06 00:00:00,44512,63828,303310,175200,662677,230377,432300,1192203,80305,-164019,244324,44512,-19316,63828,303310,128110,175200
365089,254984,2016-12-13 00:00:00,48423,79618,300532,163333,665621,247304,418317,1172322,82464,-167413,249877,48423,-31195,79618,300532,137199,163333
399511,236645,2016-12-20 00:00:00,54085,50800,269820,210452,669331,222234,447097,1158774,87769,-162036,249805,54085,3285,50800,269820,59368,210452
391882,238605,2016-12-27 00:00:00,54808,64877,296097,220451,687979,228923,459056,1142163,88333,-157659,245992,54808,-10069,64877,296097,75646,220451
392846,239437,2017-01-03 00:00:00,62234,52703,280772,224601,673618,209580,464038,1147407,72122,-175479,247601,62234,9531,52703,280772,56171,224601
410231,235849,2017-01-10 00:00:00,54746,100108,310230,230544,720461,254068,466393,1194131,76016,-142626,218642,54746,-45362,100108,310230,79686,230544
420615,245151,2017-01-17 00:00:00,53494,100829,303432,230855,724047,248041,476006,1183021,52865,-144552,197417,53494,-47335,100829,303432,72577,230855
420335,314168,2017-01-24 00:00:00,63669,84535,331044,243290,751379,193921,557458,1264363,73337,-123917,197254,63669,-20866,84535,331044,87754,243290
430241,305983,2017-01-31 00:00:00,75093,93512,378062,253302,808303,249018,559285,1330830,78329,-172766,251095,75093,-18419,93512,378062,124760,253302
429057,324261,2017-02-07 00:00:00,48092,97022,427192,254832,856249,277156,579093,1361195,72417,-182081,254498,48092,-48930,97022,427192,172360,254832
397486,341705,2017-02-14 00:00:00,37635,112828,527133,295929,924619,286985,637634,1476287,108065,-148186,256251,37635,-75193,112828,527133,231204,295929
405583,335549,2017-02-21 00:00:00,18132,138112,558368,313142,963951,315260,648691,1619778,128646,-133421,262067,18132,-119980,138112,558368,245226,313142
388853,292466,2017-02-28 00:00:00,22839,158266,486528,315729,875381,267186,608195,1436646,150481,-84020,234501,22839,-135427,158266,486528,170799,315729
422877,267296,2017-03-07 00:00:00,37063,152853,432429,307359,855306,280651,574655,1435566,155508,-115821,271329,37063,-115790,152853,432429,125070,307359
421704,266718,2017-03-14 00:00:00,45521,123684,417076,296273,838780,275789,562991,1460166,160301,-141776,302077,45521,-78163,123684,417076,120803,296273
437332,261940,2017-03-21 00:00:00,58771,144218,419680,291279,857012,303793,553219,1471153,160739,-161854,322593,58771,-85447,144218,419680,128401,291279
476044,274740,2017-03-28 00:00:00,36815,178320,392227,250961,868271,342570,525701,1386538,159802,-156311,316113,36815,-141505,178320,392227,141266,250961
463141,287013,2017-04-04 00:00:00,38766,169531,386589,243919,849730,318798,530932,1383217,159854,-154844,314698,38766,-130765,169531,386589,142670,243919
492577,287119,2017-04-11 00:00:00,43772,166034,349177,250192,841754,304443,537311,1397844,157978,-165539,323517,43772,-122262,166034,349177,98985,250192
463293,275825,2017-04-18 00:00:00,36826,155968,350066,224323,813359,313211,500148,1402990,179628,-179238,358866,36826,-119142,155968,350066,125743,224323
430396,267284,2017-04-25 00:00:00,50633,140307,340338,195861,770734,307589,463145,1418180,202773,-200918,403691,50633,-89674,140307,340338,144477,195861
450595,277288,2017-05-02 00:00:00,46015,118454,331745,198182,782340,306870,475470,1410169,195174,-211319,406493,46015,-72439,118454,331745,133563,198182
449475,252926,2017-05-09 00:00:00,30082,126239,304974,197183,754449,304340,450109,1384949,190651,-167055,357706,30082,-96157,126239,304974,107791,197183
471988,243874,2017-05-16 00:00:00,53095,98711,317977,243954,789965,302137,487828,1458607,191190,-200737,391927,53095,-45616,98711,317977,74023,243954
440550,241869,2017-05-23 00:00:00,55919,95730,220791,267003,661341,152469,508872,1459108,195545,-70010,265555,55919,-39811,95730,220791,-46212,267003
416803,219192,2017-05-30 00:00:00,58299,73030,222248,293587,639051,126272,512779,1328005,197916,-60369,258285,58299,-14731,73030,222248,-71339,293587
403142,211728,2017-06-06 00:00:00,64531,150849,315252,285141,718394,221525,496869,1377672,187269,-112512,299781,64531,-86318,150849,315252,30111,285141
440550,181339,2017-06-13 00:00:00,40403,183789,337494,276386,778044,320319,457725,1398118,187097,-152990,340087,40403,-143386,183789,337494,61108,276386
441705,182168,2017-06-20 00:00:00,42329,166720,295772,259628,737477,295681,441796,1350311,191597,-127505,319102,42329,-124391,166720,295772,36144,259628
426503,189821,2017-06-27 00:00:00,43763,127301,270928,258173,697431,249437,447994,1305003,195050,-128513,323563,43763,-83538,127301,270928,12755,258173
423460,215989,2017-07-03 00:00:00,75359,95223,309769,313534,733229,203706,529523,1374595,188567,-138884,327451,75359,-19864,95223,309769,-3765,313534
440747,232408,2017-07-11 00:00:00,48984,90721,312945,301628,753692,219656,534036,1343299,191914,-132375,324289,48984,-41737,90721,312945,11317,301628
462339,262059,2017-07-18 00:00:00,53211,104233,312764,295962,775103,217082,558021,1367558,194228,-132027,326255,53211,-51022,104233,312764,16802,295962
460415,247247,2017-07-25 00:00:00,48675,117697,321197,311763,781612,222602,559010,1375422,194025,-124160,318185,48675,-69022,117697,321197,9434,311763
470646,214776,2017-08-01 00:00:00,84387,165184,297102,294687,767748,258285,509463,1393348,195520,-142669,338189,84387,-80797,165184,297102,2415,294687
480162,219764,2017-08-08 00:00:00,57623,167835,340102,312859,820264,287641,532623,1432361,191030,-145882,336912,57623,-110212,167835,340102,27243,312859
474664,194013,2017-08-15 00:00:00,46444,159607,350861,338601,825525,292911,532614,1512650,189524,-159594,349118,46444,-113163,159607,350861,12260,338601
456143,216905,2017-08-22 00:00:00,39765,178243,434998,355725,891141,318511,572630,1602699,190039,-159098,349137,39765,-138478,178243,434998,79273,355725
403097,229772,2017-08-29 00:00:00,39039,170241,461960,324844,865057,310441,554616,1627649,174274,-167461,341735,39039,-131202,170241,461960,137116,324844
428824,253610,2017-09-05 00:00:00,55760,205703,449702,301558,878526,323358,555168,1572675,181399,-168148,349547,55760,-149943,205703,449702,148144,301558
399316,270760,2017-09-12 00:00:00,54302,177240,479777,292779,879093,315554,563539,1600081,183537,-171262,354799,54302,-122938,177240,479777,186998,292779
408059,312008,2017-09-19 00:00:00,65812,161530,469505,294459,877564,271097,606467,1638814,184684,-149346,334030,65812,-95718,161530,469505,175046,294459
422506,326358,2017-09-26 00:00:00,76421,182414,525759,325781,948265,296126,652139,1718163,185413,-157620,343033,76421,-105993,182414,525759,199978,325781
431794,320761,2017-10-03 00:00:00,77892,166813,514126,304971,945920,320188,625732,1728552,171047,-188471,359518,77892,-88921,166813,514126,209155,304971
451445,323717,2017-10-10 00:00:00,78518,195868,597656,360340,1049101,365044,684057,1821149,164417,-204289,368706,78518,-117350,195868,597656,237316,360340
447737,326670,2017-10-17 00:00:00,80208,176155,661711,447028,1109448,335750,773698,1918591,168531,-199620,368151,80208,-95947,176155,661711,214683,447028
430383,328375,2017-10-24 00:00:00,71498,203605,661833,426769,1092216,337072,755144,1882972,158241,-161190,319431,71498,-132107,203605,661833,235064,426769
433955,317194,2017-10-31 00:00:00,74015,160747,567034,439170,1000989,244625,756364,1836655,161635,-112089,273724,74015,-86732,160747,567034,127864,439170
450023,370356,2017-11-07 00:00:00,89137,166565,611050,486402,1061073,204315,856758,1991505,186432,-73735,260167,89137,-77428,166565,611050,124648,486402
460830,403880,2017-11-14 00:00:00,94032,170804,606123,461396,1066953,201677,865276,2044840,181751,-69011,250762,94032,-76772,170804,606123,144727,461396
505135,432837,2017-11-21 00:00:00,82050,161793,597254,497786,1102389,171766,930623,2206843,199325,-40538,239863,82050,-79743,161793,597254,99468,497786
459886,399475,2017-11-28 00:00:00,74156,161230,583807,479457,1043693,164761,878932,1868303,201102,-49338,250440,74156,-87074,161230,583807,104350,479457
497340,406174,2017-12-05 00:00:00,79664,182149,515634,473064,1012974,133736,879238,1823747,259908,13678,246230,79664,-102485,182149,515634,42570,473064
534081,388405,2017-12-12 00:00:00,76887,181745,504513,477172,1038594,173017,865577,1821307,241123,-10086,251209,76887,-104858,181745,504513,27341,477172
543068,377951,2017-12-19 00:00:00,71712,176296,502181,472652,1045249,194646,850603,1842711,228914,-40195,269109,71712,-104584,176296,502181,29529,472652
569704,379091,2017-12-26 00:00:00,75589,185441,514067,482880,1083771,221800,861971,1872835,194945,-70363,265308,75589,-109852,185441,514067,31187,482880
570233,374121,2018-01-02 00:00:00,95937,165397,511655,510033,1081888,197734,884154,1888136,197879,-87722,285601,95937,-69460,165397,511655,1622,510033
607508,373792,2018-01-09 00:00:00,121291,180046,506134,540384,1113642,199466,914176,1960551,208045,-82611,290656,121291,-58755,180046,506134,-34250,540384
622138,379614,2018-01-16 00:00:00,123072,167087,509291,552222,1131429,199593,931836,2005398,191297,-99323,290620,123072,-44015,167087,509291,-42931,552222
705856,398830,2018-01-23 00:00:00,126972,162500,466639,567454,1172495,206211,966284,2078007,189758,-113391,303149,126972,-35528,162500,466639,-100815,567454
753993,407294,2018-01-30 00:00:00,99106,186117,455411,523052,1209404,279058,930346,2079432,206840,-122511,329351,99106,-87011,186117,455411,-67641,523052
743688,395448,2018-02-06 00:00:00,93596,216546,461920,509178,1205608,300982,904626,2094713,199307,-132727,332034,93596,-122950,216546,461920,-47258,509178
709825,391632,2018-02-13 00:00:00,117382,189345,432850,474540,1142675,276503,866172,2161195,197410,-145532,342942,117382,-71963,189345,432850,-41690,474540
712347,376116,2018-02-20 00:00:00,79273,188054,427939,496283,1140286,267887,872399,2181113,210634,-116437,327071,79273,-108781,188054,427939,-68344,496283
727556,353738,2018-02-27 00:00:00,80105,153964,361964,460898,1089520,274884,814636,1974003,168551,-137856,306407,80105,-73859,153964,361964,-98934,460898
714147,376491,2018-03-06 00:00:00,91079,167458,393592,434085,1107739,297163,810576,1906975,147075,-157556,304631,91079,-76379,167458,393592,-40493,434085
732041,338864,2018-03-13 00:00:00,94799,199231,436969,507523,1169010,322623,846387,1962687,125353,-156463,281816,94799,-104432,199231,436969,-70554,507523
810819,361772,2018-03-20 00:00:00,85453,234021,418146,513236,1228965,353957,875008,1991062,116096,-156521,272617,85453,-148568,234021,418146,-95090,513236
735842,394483,2018-03-27 00:00:00,65284,208744,496328,502148,1232170,335539,896631,1971358,123536,-147131,270667,65284,-143460,208744,496328,-5820,502148
680727,433684,2018-04-03 00:00:00,55954,185868,538850,529024,1219577,256869,962708,1969361,145429,-88302,233731,55954,-129914,185868,538850,9826,529024
657117,470328,2018-04-10 00:00:00,44974,168246,554217,510791,1211334,230215,981119,1989809,187978,-57715,245693,44974,-123272,168246,554217,43426,510791
666706,508643,2018-04-17 00:00:00,47045,129863,548023,512598,1214729,193488,1021241,2064727,197983,-58934,256917,47045,-82818,129863,548023,35425,512598
727752,495741,2018-04-24 00:00:00,33191,152737,458482,480049,1186234,210444,975790,2072482,227389,-35494,262883,33191,-119546,152737,458482,-21567,480049
749018,516194,2018-05-01 00:00:00,35713,156723,451324,491696,1200342,192452,1007890,2080632,219004,-26754,245758,35713,-121010,156723,451324,-40372,491696
774048,515715,2018-05-08 00:00:00,43315,148385,456211,540958,1230259,173586,1056673,2185630,223015,-18098,241113,43315,-105070,148385,456211,-84747,540958
757484,523471,2018-05-15 00:00:00,29064,172020,468448,498367,1225932,204094,1021838,2336240,234781,-11393,246174,29064,-142956,172020,468448,-29919,498367
773913,507457,2018-05-22 00:00:00,27953,200901,477324,499343,1251237,244437,1006800,2373411,238461,-18858,257319,27953,-172948,200901,477324,-22019,499343
767803,415637,2018-05-29 00:00:00,29144,232913,419925,538893,1187728,233198,954530,2192866,252544,12177,240367,29144,-203769,232913,419925,-118968,538893
744630,374573,2018-06-05 00:00:00,37086,173439,368747,516671,1113377,222133,891244,1880280,208350,-46363,254713,37086,-136353,173439,368747,-147924,516671
747785,360329,2018-06-12 00:00:00,40325,184380,336091,495420,1083876,228127,855749,1859226,219941,-40193,260134,40325,-144055,184380,336091,-159329,495420
757699,384682,2018-06-19 00:00:00,52237,185707,354951,491818,1112650,236150,876500,1881902,225514,-43010,268524,52237,-133470,185707,354951,-136867,491818
764149,370207,2018-06-26 00:00:00,51815,196294,363448,515584,1127597,241806,885791,1908046,234192,-45594,279786,51815,-144479,196294,363448,-152136,515584
818829,350833,2018-07-03 00:00:00,46399,179587,337317,619770,1156146,185543,970603,1948358,231889,-5824,237713,46399,-133188,179587,337317,-282453,619770
833339,319016,2018-07-10 00:00:00,57866,198279,336691,592722,1170030,258292,911738,1956627,213306,-66049,279355,57866,-140413,198279,336691,-256031,592722
810008,317210,2018-07-17 00:00:00,58608,194656,345724,587128,1155732,251394,904338,1969311,208772,-57104,265876,58608,-136048,194656,345724,-241404,587128
800391,313557,2018-07-24 00:00:00,61223,189817,374457,603093,1174848,258198,916650,1995535,194703,-67499,262202,61223,-128594,189817,374457,-228636,603093
818676,332687,2018-07-31 00:00:00,65685,176663,396354,544942,1215030,337401,877629,2011998,167600,-165192,332792,65685,-110978,176663,396354,-148588,544942
824970,324233,2018-08-07 00:00:00,56990,197577,396223,526034,1221193,370926,850267,1994925,173346,-170519,343865,56990,-140587,197577,396223,-129811,526034
866231,348228,2018-08-14 00:00:00,62624,203771,428218,560413,1294449,385808,908641,2096621,170641,-178214,348855,62624,-141147,203771,428218,-132195,560413
897580,397850,2018-08-21 00:00:00,57063,161510,465930,618049,1363510,347611,1015899,2170749,161715,-191502,353217,57063,-104447,161510,465930,-152119,618049
846658,359506,2018-08-28 00:00:00,48956,147090,466330,617440,1312988,336042,976946,2243768,163830,-182064,345894,48956,-98134,147090,466330,-151110,617440
939368,416816,2018-09-04 00:00:00,62475,115624,397809,629912,1337177,290449,1046728,2160912,169106,-185654,354760,62475,-53149,115624,397809,-232103,629912
975519,406621,2018-09-11 00:00:00,66704,107228,289435,603075,1264954,255258,1009696,2112618,188027,-174960,362987,66704,-40524,107228,289435,-313640,603075
1025991,487508,2018-09-18 00:00:00,73206,87393,340390,600394,1366381,278479,1087902,2256166,208050,-215179,423229,73206,-14187,87393,340390,-260004,600394
1048862,527198,2018-09-25 00:00:00,97484,108289,318170,723787,1367032,116047,1250985,2279834,220853,-69227,290080,97484,-10805,108289,318170,-405617,723787
1068401,479069,2018-10-02 00:00:00,97775,124412,282514,757392,1350915,114454,1236461,2222454,230757,-42714,273471,97775,-26637,124412,282514,-474878,757392
1092550,453318,2018-10-09 00:00:00,97556,123245,272487,796106,1365037,115613,1249424,2275831,247556,-43036,290592,97556,-25689,123245,272487,-523619,796106
1131507,401660,2018-10-16 00:00:00,68663,121221,286571,881046,1418078,135372,1282706,2256288,252251,-42837,295088,68663,-52558,121221,286571,-594475,881046
1115112,398764,2018-10-23 00:00:00,110960,148721,283363,886658,1398475,113053,1285422,2313719,269147,-36272,305419,110960,-37761,148721,283363,-603295,886658
1140288,399566,2018-10-30 00:00:00,86232,168867,320160,982503,1460448,78379,1382069,2480513,345200,40552,304648,86232,-82635,168867,320160,-662343,982503
1085371,418551,2018-11-06 00:00:00,99466,162200,317595,981045,1402966,3370,1399596,2506898,343649,95059,248590,99466,-62734,162200,317595,-663450,981045
1054903,419116,2018-11-13 00:00:00,97282,155932,341972,1049173,1396875,-71414,1468289,2627940,368862,163704,205158,97282,-58650,155932,341972,-707201,1049173
1126382,393595,2018-11-20 00:00:00,117540,207982,410618,1253671,1537000,-110266,1647266,2935999,458567,241499,217068,117540,-90442,207982,410618,-843053,1253671
1148311,376552,2018-11-27 00:00:00,93490,185119,387034,1176220,1535345,-17427,1552772,2794688,477483,153332,324151,93490,-91629,185119,387034,-789186,1176220
1145943,369874,2018-12-04 00:00:00,95797,156686,344995,1179441,1490938,-58377,1549315,2662458,473712,144355,329357,95797,-60889,156686,344995,-834446,1179441
1113356,323805,2018-12-11 00:00:00,97183,201175,342286,1122781,1455642,9056,1446586,2575044,418825,107117,311708,97183,-103992,201175,342286,-780495,1122781
1107744,306057,2018-12-18 00:00:00,88869,245127,425722,1175772,1533466,51637,1481829,2654155,421382,100276,321106,88869,-156258,245127,425722,-750050,1175772
1158216,309912,2018-12-24 00:00:00,91178,275303,477077,1249393,1635293,75988,1559305,2728849,428680,104994,323686,91178,-184125,275303,477077,-772316,1249393
1133550,292528,2018-12-31 00:00:00,75244,304017,519220,1265799,1652770,94443,1558327,2791536,448494,114881,333613,75244,-228773,304017,519220,-746579,1265799
1047069,365243,2019-01-08 00:00:00,85402,275892,461904,1216666,1508973,-72936,1581909,2621454,442983,237164,205819,85402,-190490,275892,461904,-754762,1216666
1071275,370149,2019-01-15 00:00:00,95006,251900,503868,1295859,1575143,-90865,1666008,2714831,426158,220033,206125,95006,-156894,251900,503868,-791991,1295859
1034654,315164,2019-01-22 00:00:00,99648,246038,488375,1303434,1523029,-95569,1618598,2659763,416555,211455,205100,99648,-146390,246038,488375,-815059,1303434
1144518,290532,2019-01-29 00:00:00,82793,278394,472008,1374300,1616526,-48306,1664832,2850966,420848,213938,206910,82793,-195601,278394,472008,-902292,1374300
1249323,281409,2019-02-05 00:00:00,139931,258464,469601,1549629,1718924,-112114,1831038,3067342,430468,182482,247986,139931,-118533,258464,469601,-1080028,1549629
1333030,300362,2019-02-12 00:00:00,126184,262103,525128,1752564,1858158,-194768,2052926,3278696,436698,258161,178537,126184,-135919,262103,525128,-1227436,1752564
1325433,312701,2019-02-19 00:00:00,137395,239595,501563,1728363,1826996,-214068,2041064,3276949,436160,260773,175387,137395,-102200,239595,501563,-1226800,1728363
1291244,387835,2019-02-26 00:00:00,136289,270871,554611,1626096,1845855,-168076,2013931,3121826,403664,242163,161501,136289,-134582,270871,554611,-1071485,1626096
1366959,469965,2019-03-05 00:00:00,104055,230692,491349,1579946,1858308,-191603,2049911,2981335,403364,236862,166502,104055,-126637,230692,491349,-1088597,1579946
1425462,507066,2019-03-12 00:00:00,116586,213999,488931,1611484,1914393,-204157,2118550,3023666,418135,251419,166716,116586,-97413,213999,488931,-1122553,1611484
1473529,514331,2019-03-19 00:00:00,116693,235048,486989,1660838,1960518,-214651,2175169,3107645,426294,260621,165673,116693,-118355,235048,486989,-1173849,1660838
1600506,470406,2019-03-26 00:00:00,124610,305345,504323,1777106,2104829,-142683,2247512,3210904,421450,254441,167009,124610,-180735,305345,504323,-1272783,1777106
1664148,450419,2019-04-02 00:00:00,121675,323622,584941,1914186,2249089,-115516,2364605,3410947,417376,253782,163594,121675,-201947,323622,584941,-1329245,1914186
1725482,512744,2019-04-09 00:00:00,126596,313126,594295,1994123,2319777,-187090,2506867,3631920,455080,295259,159821,126596,-186530,313126,594295,-1399828,1994123
1775668,532238,2019-04-16 00:00:00,126679,309605,550554,1994728,2326222,-200744,2526966,3712530,482710,322088,160622,126679,-182926,309605,550554,-1444174,1994728
1829986,588329,2019-04-23 00:00:00,111738,347237,608545,2004419,2438531,-154217,2592748,3831433,492301,323712,168589,111738,-235499,347237,608545,-1395874,2004419
1877806,641047,2019-04-30 00:00:00,177024,357792,699841,2155949,2577647,-219349,2796996,4132930,506070,333288,172782,177024,-180768,357792,699841,-1456108,2155949
1969359,631388,2019-05-07 00:00:00,110723,337775,687532,2215340,2656891,-189837,2846728,4231741,503440,340219,163221,110723,-227052,337775,687532,-1527808,2215340
1949322,623770,2019-05-14 00:00:00,108174,297879,768406,2322571,2717728,-228613,2946341,4423693,574891,352304,222587,108174,-189705,297879,768406,-1554165,2322571
1878735,611881,2019-05-21 00:00:00,110811,287714,713749,2170406,2592484,-189803,2782287,4112536,508059,279427,228632,110811,-176903,287714,713749,-1456657,2170406
1813094,566689,2019-05-28 00:00:00,141749,335773,633236,2040540,2446330,-160899,2607229,3843458,513994,283329,230665,141749,-194024,335773,633236,-1407304,2040540
1743366,686420,2019-06-04 00:00:00,87363,294626,718171,1948755,2461537,-173638,2635175,3650929,532194,326189,206005,87363,-207263,294626,718171,-1230584,1948755
1812187,652944,2019-06-11 00:00:00,75734,256958,694341,2114794,2506528,-261210,2767738,3760183,586593,369961,216632,75734,-181224,256958,694341,-1420453,2114794
1821255,577587,2019-06-18 00:00:00,69930,276488,592693,2062058,2413948,-225697,2639645,3685158,572307,353668,218639,69930,-206558,276488,592693,-1469365,2062058
1826476,532835,2019-06-25 00:00:00,86808,260428,625526,2163945,2452002,-244778,2696780,3672537,562174,336511,225663,86808,-173620,260428,625526,-1538419,2163945
1828851,502410,2019-07-02 00:00:00,68943,301657,635399,2131066,2464250,-169226,2633476,3587842,480522,299255,181267,68943,-232714,301657,635399,-1495667,2131066
1820663,519552,2019-07-09 00:00:00,87774,300956,579606,2052722,2400269,-172005,2572274,3576932,482762,299771,182991,87774,-213182,300956,579606,-1473116,2052722
1848555,593586,2019-07-16 00:00:00,105014,283710,589033,2051190,2437588,-207188,2644776,3664289,470143,290383,179760,105014,-178696,283710,589033,-1462157,2051190
1880780,618756,2019-07-23 00:00:00,119819,312462,641538,2080084,2522318,-176522,2698840,3768757,433958,252824,181134,119819,-192643,312462,641538,-1438546,2080084
1968411,663634,2019-07-30 00:00:00,148297,300577,644235,2166628,2612646,-217616,2830262,3889252,443920,263147,180773,148297,-152280,300577,644235,-1522393,2166628
1958960,674399,2019-08-06 00:00:00,137531,301841,659487,2208138,2618447,-264090,2882537,4013464,494918,318821,176097,137531,-164310,301841,659487,-1548651,2208138
1924050,645673,2019-08-13 00:00:00,160084,252862,642696,2177363,2566746,-256290,2823036,4052895,441958,261778,180180,160084,-92778,252862,642696,-1534667,2177363
1858532,609995,2019-08-20 00:00:00,163795,279755,647783,2180522,2506315,-284202,2790517,3994388,474593,298546,176047,163795,-115960,279755,647783,-1532739,2180522
1686945,494064,2019-08-27 00:00:00,178372,284319,589200,2049962,2276145,-267881,2544026,3732119,458170,296110,162060,178372,-105947,284319,589200,-1460762,2049962
1509450,526993,2019-09-03 00:00:00,153141,267988,778921,2033635,2288371,-272257,2560628,3548266,453789,305809,147980,153141,-114847,267988,778921,-1254714,2033635
1513981,546608,2019-09-10 00:00:00,125485,280983,796321,2031612,2310302,-267918,2578220,3552843,448178,302377,145801,125485,-155498,280983,796321,-1235291,2031612
1566474,592282,2019-09-17 00:00:00,92577,286893,852602,2056260,2419076,-229466,2648542,3638213,491419,327597,163822,92577,-194316,286893,852602,-1203658,2056260
1613953,676042,2019-09-24 00:00:00,115370,285440,914889,2098539,2528842,-245739,2774581,3705484,489273,323413,165860,115370,-170070,285440,914889,-1183650,2098539
1609081,742880,2019-10-01 00:00:00,70360,278837,1006818,2140429,2615899,-267410,2883309,3765989,501934,348664,153270,70360,-208477,278837,1006818,-1133611,2140429
1614913,719737,2019-10-08 00:00:00,75156,284876,1025014,2199774,2639927,-279584,2919511,3872932,515115,371288,143827,75156,-209720,284876,1025014,-1174760,2199774
1699546,743779,2019-10-15 00:00:00,69983,247889,1011995,2197615,2711541,-229853,2941394,3955888,452754,309053,143701,69983,-177906,247889,1011995,-1185620,2197615
1770739,773174,2019-10-22 00:00:00,85874,249198,976603,2215352,2747342,-241184,2988526,4023710,452927,309565,143362,85874,-163324,249198,976603,-1238749,2215352
1767212,804091,2019-10-29 00:00:00,84782,232059,927943,2082922,2695155,-191858,2887013,3993644,397635,254782,142853,84782,-147277,232059,927943,-1154979,2082922
1857622,800616,2019-11-05 00:00:00,87232,262847,903232,2122866,2760854,-162628,2923482,4123467,385792,239546,146246,87232,-175615,262847,903232,-1219634,2122866
1821972,806684,2019-11-12 00:00:00,93493,264358,911515,2080999,2733487,-154196,2887683,4185756,395799,248231,147568,93493,-170865,264358,911515,-1169484,2080999
1777699,870030,2019-11-19 00:00:00,87857,245757,834919,1917916,2612618,-175328,2787946,4065932,403188,249009,154179,87857,-157900,245757,834919,-1082997,1917916
1654261,722623,2019-11-26 00:00:00,99159,240993,814380,1843317,2468641,-97299,2565940,3766731,380945,243577,137368,99159,-141834,240993,814380,-1028937,1843317
1626196,849293,2019-12-03 00:00:00,111054,198315,818551,1830842,2444747,-235388,2680135,3586740,379766,241202,138564,111054,-87261,198315,818551,-1012291,1830842
1656694,860687,2019-12-10 00:00:00,90416,217481,850989,1823113,2507683,-176117,2683800,3583719,365901,221270,144631,90416,-127065,217481,850989,-972124,1823113
1741914,853764,2019-12-17 00:00:00,81767,240929,905332,1909152,2647246,-115670,2762916,3670196,345529,200932,144597,81767,-159162,240929,905332,-1003820,1909152
1736327,872369,2019-12-24 00:00:00,102497,260618,934556,1892283,2670883,-93769,2764652,3691601,329837,185610,144227,102497,-158121,260618,934556,-957727,1892283
1739550,883115,2019-12-31 00:00:00,98362,271132,902479,1834475,2642029,-75561,2717590,3610706,331055,185652,145403,98362,-172770,271132,902479,-931996,1834475
1724049,828648,2020-01-07 00:00:00,102983,227756,849249,1862953,2573298,-118303,2691601,3569629,318298,165568,152730,102983,-124773,227756,849249,-1013704,1862953
1722952,866703,2020-01-14 00:00:00,92551,224084,900539,1861870,2623491,-105082,2728573,3626124,301644,158487,143157,92551,-131533,224084,900539,-961331,1861870
1715545,925029,2020-01-21 00:00:00,98736,234264,912175,1819260,2627720,-116569,2744289,3684452,309038,167879,141159,98736,-135528,234264,912175,-907085,1819260
1672594,892710,2020-01-28 00:00:00,69724,218336,914223,1859042,2586817,-164935,2751752,3739988,359035,214967,144068,69724,-148612,218336,914223,-944819,1859042
1623573,920892,2020-02-04 00:00:00,83191,264112,976028,1836440,2599601,-157731,2757332,3910685,382195,251667,130528,83191,-180921,264112,976028,-860412,1836440
1675245,908033,2020-02-11 00:00:00,86935,255542,906635,1874673,2581880,-200826,2782706,4024863,390675,278048,112627,86935,-168607,255542,906635,-968038,1874673
1666476,857697,2020-02-18 00:00:00,81066,271640,864570,1859812,2531046,-186463,2717509,3982633,389807,283323,106484,81066,-190574,271640,864570,-995242,1859812
1537176,785423,2020-02-25 00:00:00,50122,320848,813041,1625845,2350217,-61051,2411268,3618290,355161,246077,109084,50122,-270726,320848,813041,-812804,1625845
1540928,775362,2020-03-03 00:00:00,55460,300108,813923,1576668,2354851,2821,2352030,3348364,251117,146292,104825,55460,-244648,300108,813923,-762745,1576668
1506987,801289,2020-03-10 00:00:00,92356,413727,846773,1522016,2353760,30455,2323305,3439499,289190,182680,106510,92356,-321371,413727,846773,-675243,1522016
1472248,725630,2020-03-17 00:00:00,62201,418517,811551,1494214,2283799,63955,2219844,3308468,313333,205746,107587,62201,-356316,418517,811551,-682663,1494214
1316630,669848,2020-03-24 00:00:00,77808,391064,845171,1465151,2161801,26802,2134999,3175138,308571,195816,112755,77808,-313256,391064,845171,-619980,1465151
1223899,669778,2020-03-31 00:00:00,75288,310437,759378,1346990,1983277,-33491,2016768,2909485,302019,185699,116320,75288,-235149,310437,759378,-587612,1346990
1157481,643600,2020-04-07 00:00:00,44450,309344,701544,1187312,1859025,28113,1830912,2717554,283307,169775,113532,44450,-264894,309344,701544,-485768,1187312
1155367,620506,2020-04-14 00:00:00,50203,312330,667307,1159227,1822674,42941,1779733,2734476,270991,154369,116622,50203,-262127,312330,667307,-491920,1159227
1131402,570024,2020-04-21 00:00:00,41645,280550,564356,1117652,1695758,8082,1687676,2663160,267216,152856,114360,41645,-238905,280550,564356,-553296,1117652
1101392,565189,2020-04-28 00:00:00,71445,245439,544364,1098096,1645756,-17529,1663285,2601584,236213,123054,113159,71445,-173994,245439,544364,-553732,1098096
1014570,571758,2020-05-05 00:00:00,63867,221048,494998,975981,1509568,-38171,1547739,2502512,232316,117787,114529,63867,-157181,221048,494998,-480983,975981
998890,570449,2020-05-12 00:00:00,65076,193300,476922,980911,1475812,-75548,1551360,2539739,223269,117764,105505,65076,-128224,193300,476922,-503989,980911
991125,538231,2020-05-19 00:00:00,46320,190346,503778,923898,1494903,32774,1462129,2529594,221232,36166,185066,46320,-144026,190346,503778,-420120,923898
962046,511612,2020-05-26 00:00:00,48215,250802,475070,857867,1437116,67637,1369479,2397075,202312,92101,110211,48215,-202587,250802,475070,-382797,857867
959332,538191,2020-06-02 00:00:00,43748,258519,469967,859954,1429299,31154,1398145,2245393,202127,108455,93672,43748,-214771,258519,469967,-389987,859954
1000201,536640,2020-06-09 00:00:00,44545,221343,381509,806210,1381710,38860,1342850,2144151,190934,97257,93677,44545,-176798,221343,381509,-424701,806210
1020916,512785,2020-06-16 00:00:00,53358,254894,367374,872288,1388290,3217,1385073,2164793,197582,111508,86074,53358,-201536,254894,367374,-504914,872288
1023799,495803,2020-06-23 00:00:00,53007,239282,350008,896947,1373807,-18943,1392750,2135231,196228,116755,79473,53007,-186275,239282,350008,-546939,896947
1023549,473881,2020-06-30 00:00:00,52793,241367,372102,942809,1395651,-21039,1416690,2146141,198003,121744,76259,52793,-188574,241367,372102,-570707,942809
1027082,495515,2020-07-07 00:00:00,48855,235056,350686,908690,1377768,-26437,1404205,2110163,200120,124678,75442,48855,-186201,235056,350686,-558004,908690
1029837,486637,2020-07-14 00:00:00,55752,239606,355162,933544,1384999,-35182,1420181,2118730,205234,129237,75997,55752,-183854,239606,355162,-578382,933544
1040627,500389,2020-07-21 00:00:00,61501,243991,354718,936423,1395345,-41467,1436812,2153065,215081,138856,76225,61501,-182490,243991,354718,-581705,936423
1029839,466678,2020-07-28 00:00:00,68235,260090,349223,947934,1379062,-35550,1414612,2144391,214834,138599,76235,68235,-191855,260090,349223,-598711,947934
1047310,468720,2020-08-04 00:00:00,75994,241821,379060,1035526,1426370,-77876,1504246,2243514,221139,145219,75920,75994,-165827,241821,379060,-656466,1035526
1049177,491119,2020-08-11 00:00:00,69456,237805,354495,973737,1403672,-61184,1464856,2184707,227160,150788,76372,69456,-168349,237805,354495,-619242,973737
1009619,511779,2020-08-18 00:00:00,75094,205136,342291,915345,1351910,-75214,1427124,2117811,204708,128071,76637,75094,-130042,205136,342291,-573054,915345
952544,462989,2020-08-25 00:00:00,71250,190454,363431,933684,1315975,-80698,1396673,2133891,197011,122822,74189,71250,-119204,190454,363431,-570253,933684
924298,483883,2020-09-01 00:00:00,58812,167013,362653,883197,1286951,-80129,1367080,2050080,183451,113757,69694,58812,-108201,167013,362653,-520544,883197
930734,446830,2020-09-08 00:00:00,35545,162701,327024,873297,1257758,-62369,1320127,1992458,184395,113558,70837,35545,-127156,162701,327024,-546273,873297
952679,474193,2020-09-15 00:00:00,43944,154368,312024,873285,1264703,-82775,1347478,1995162,183754,112351,71403,43944,-110424,154368,312024,-561261,873285
960685,450200,2020-09-22 00:00:00,32781,180818,357334,914335,1318019,-46516,1364535,2031596,186542,118104,68438,32781,-148037,180818,357334,-557001,914335
944622,449437,2020-09-29 00:00:00,31791,222354,397120,888896,1341742,3409,1338333,2019765,176121,112628,63493,31791,-190563,222354,397120,-491776,888896
924614,485992,2020-10-06 00:00:00,31028,137033,412558,930333,1337172,-79153,1416325,1994176,173831,111270,62561,31028,-106005,137033,412558,-517775,930333
944179,511172,2020-10-13 00:00:00,33435,157744,400361,894514,1344540,-61146,1405686,1994431,172671,110199,62472,33435,-124309,157744,400361,-494153,894514
952305,518885,2020-10-20 00:00:00,32956,146865,380421,870069,1332726,-56228,1388954,1972884,172125,108848,63277,32956,-113909,146865,380421,-489648,870069
933646,518333,2020-10-27 00:00:00,28590,149229,416307,885201,1349953,-53581,1403534,2002728,172237,108451,63786,28590,-120639,149229,416307,-468894,885201
941381,518151,2020-11-03 00:00:00,37881,135162,352009,857711,1293390,-82472,1375862,1978202,177869,114778,63091,37881,-97281,135162,352009,-505702,857711
921903,541213,2020-11-10 00:00:00,31460,105695,415762,875361,1337665,-78909,1416574,2023855,168492,106158,62334,31460,-74235,105695,415762,-459599,875361
907379,575860,2020-11-17 00:00:00,26090,133340,426800,817784,1334179,-59465,1393644,2034723,171602,110601,61001,26090,-107250,133340,426800,-390984,817784
821150,509588,2020-11-24 00:00:00,27684,144795,421378,776521,1242528,-43581,1286109,1998387,175184,117259,57925,27684,-117111,144795,421378,-355143,776521
805954,515160,2020-12-01 00:00:00,51174,108642,331607,722176,1137561,-99775,1237336,1860531,169511,113347,56164,51174,-57468,108642,331607,-390569,722176
804793,549205,2020-12-08 00:00:00,45850,131682,335634,673029,1140427,-81807,1222234,1852420,170145,109723,60422,45850,-85832,131682,335634,-337395,673029
835153,539593,2020-12-15 00:00:00,37715,137907,358085,722393,1193238,-68748,1261986,1893251,171177,105778,65399,37715,-100192,137907,358085,-364308,722393
859963,542952,2020-12-21 00:00:00,22023,158153,351032,714729,1210995,-46686,1257681,1895572,171738,111053,60685,22023,-136130,158153,351032,-363697,714729
846802,529273,2020-12-29 00:00:00,39273,164983,379954,770589,1226756,-73106,1299862,1924875,176387,125884,50503,39273,-125710,164983,379954,-390635,770589
876879,509150,2021-01-05 00:00:00,31897,140900,372748,852532,1249627,-112055,1361682,1930467,179781,147745,32036,31897,-109003,140900,372748,-479784,852532
880709,521786,2021-01-12 00:00:00,41289,134004,388037,849754,1268746,-102794,1371540,1977161,173685,124927,48758,41289,-92715,134004,388037,-461717,849754
858159,466096,2021-01-19 00:00:00,60937,144588,395746,905422,1253905,-117613,1371518,1973910,170539,128034,42505,60937,-83651,144588,395746,-509676,905422
932318,459085,2021-01-26 00:00:00,58924,208139,465897,991917,1398215,-52787,1451002,2127775,178534,132929,45605,58924,-149215,208139,465897,-526020,991917
983022,461932,2021-02-02 00:00:00,66236,179633,440727,1046194,1423749,-84377,1508126,2174828,181293,134529,46764,66236,-113397,179633,440727,-605467,1046194
970339,522662,2021-02-09 00:00:00,70191,164260,486779,1043990,1457118,-109534,1566652,2255849,182192,131272,50920,70191,-94069,164260,486779,-557211,1043990
981078,528358,2021-02-16 00:00:00,45833,235017,549731,997153,1530809,5298,1525511,2346499,178237,126935,51302,45833,-189184,235017,549731,-447422,997153
961830,476462,2021-02-23 00:00:00,44521,297474,610128,1034621,1571958,60875,1511083,2379056,174949,122552,52397,44521,-252953,297474,610128,-424493,1034621
946132,450672,2021-03-02 00:00:00,96621,251830,527765,1032821,1473897,-9596,1483493,2283615,167369,118989,48380,96621,-155209,251830,527765,-505056,1032821
949206,453255,2021-03-09 00:00:00,168415,185635,541583,1185048,1490789,-147514,1638303,2401436,165925,124293,41632,168415,-17220,185635,541583,-643465,1185048
903310,477427,2021-03-16 00:00:00,164711,191260,579014,1100276,1482324,-95379,1577703,2372208,164590,115699,48891,164711,-26549,191260,579014,-521262,1100276
916760,429541,2021-03-23 00:00:00,169243,160480,504606,1126858,1421366,-135033,1556399,2311733,168572,110555,58017,169243,8763,160480,504606,-622252,1126858
957735,448244,2021-03-30 00:00:00,171267,172297,508001,1136842,1465736,-119350,1585086,2340633,171845,95854,75991,171267,-1030,172297,508001,-628841,1136842
949337,476638,2021-04-06 00:00:00,182340,142127,510886,1138743,1460223,-155158,1615381,2325673,167950,94130,73820,182340,40213,142127,510886,-627857,1138743
948738,470501,2021-04-13 00:00:00,175408,165557,500373,1113404,1449111,-134794,1583905,2299304,170925,99520,71405,175408,9851,165557,500373,-613031,1113404
932496,438562,2021-04-20 00:00:00,162776,181935,494927,1094123,1427423,-105262,1532685,2282128,166864,101519,65345,162776,-19159,181935,494927,-599196,1094123
923037,445929,2021-04-27 00:00:00,178214,189631,507805,1111189,1430842,-126276,1557118,2306907,164087,106401,57686,178214,-11417,189631,507805,-603384,1111189
956040,442213,2021-05-04 00:00:00,179669,196090,520673,1155318,1476713,-120818,1597531,2378795,159019,100526,58493,179669,-16421,196090,520673,-634645,1155318
995723,452332,2021-05-11 00:00:00,196914,199294,388047,1071732,1383770,-140294,1524064,2313574,161205,99644,61561,196914,-2380,199294,388047,-683685,1071732
974793,475880,2021-05-18 00:00:00,202511,200375,377314,1030488,1352107,-154261,1506368,2312173,163291,110450,52841,202511,2136,200375,377314,-653174,1030488
931843,429737,2021-05-25 00:00:00,186007,199120,396742,1044361,1328585,-145513,1474098,2319806,160906,104215,56691,186007,-13113,199120,396742,-647619,1044361
970527,454724,2021-06-01 00:00:00,171411,166669,417575,1067540,1388102,-134162,1522264,2255792,151163,90507,60656,171411,4742,166669,417575,-649965,1067540
940651,448647,2021-06-08 00:00:00,84144,133362,428124,1009441,1368775,-89313,1458088,2133976,156330,94102,62228,84144,-49218,133362,428124,-581317,1009441
939608,435439,2021-06-15 00:00:00,79406,124059,422163,995489,1361771,-69157,1430928,2126352,151405,72585,78820,79406,-44653,124059,422163,-573326,995489
883080,473159,2021-06-22 00:00:00,82651,108984,410849,816227,1293929,4543,1289386,2056594,136163,8968,127195,82651,-26333,108984,410849,-405378,816227
834333,523345,2021-06-29 00:00:00,80338,134571,442853,697842,1277186,55999,1221187,2052077,122917,-6608,129525,80338,-54233,134571,442853,-254989,697842
857817,545253,2021-07-06 00:00:00,69423,162791,473311,706002,1331128,79873,1251255,2082754,123955,15809,108146,69423,-93368,162791,473311,-232691,706002
812877,505215,2021-07-13 00:00:00,76488,143396,454338,708476,1267215,53524,1213691,2006856,121480,10938,110542,76488,-66908,143396,454338,-254138,708476
848227,492328,2021-07-20 00:00:00,63636,159530,444715,708784,1292942,91830,1201112,2016067,115979,-7237,123216,63636,-95894,159530,444715,-264069,708784
839558,520411,2021-07-27 00:00:00,57091,152709,424505,659433,1264063,84219,1179844,1975726,114509,3133,111376,57091,-95618,152709,424505,-234928,659433
836389,518207,2021-08-03 00:00:00,46038,154725,430241,662336,1266630,86087,1180543,1987985,121296,4476,116820,46038,-108687,154725,430241,-232095,662336
823571,511806,2021-08-10 00:00:00,51280,138098,455748,662908,1279319,104605,1174714,1964796,86104,-29041,115145,51280,-86818,138098,455748,-207160,662908
793160,543487,2021-08-17 00:00:00,46247,141119,472080,623732,1265240,98021,1167219,1975203,99438,-16629,116067,46247,-94872,141119,472080,-151652,623732
770200,521351,2021-08-24 00:00:00,67271,112682,438531,632727,1208731,54653,1154078,2058384,98345,-19427,117772,67271,-45411,112682,438531,-194196,632727
755818,511874,2021-08-31 00:00:00,54615,133508,486591,632459,1242409,98076,1144333,1955096,91052,-27154,118206,54615,-78893,133508,486591,-145868,632459
770416,503130,2021-09-07 00:00:00,58821,130921,482152,664656,1252568,84782,1167786,1955057,100781,-20464,121245,58821,-72100,130921,482152,-182504,664656
789092,516917,2021-09-14 00:00:00,41278,134315,462178,633221,1251270,101132,1150138,1931808,101468,-24546,126014,41278,-93037,134315,462178,-171043,633221
774537,538253,2021-09-21 00:00:00,42445,137009,474035,608311,1248572,102008,1146564,1929066,111337,-25455,136792,42445,-94564,137009,474035,-134276,608311
682020,560185,2021-09-28 00:00:00,69771,100753,443158,498128,1125178,66865,1058313,1850078,103444,-36550,139994,69771,-30982,100753,443158,-54970,498128
677147,557624,2021-10-05 00:00:00,59314,97396,409854,444660,1087001,84717,1002284,1776513,93664,-36286,129950,59314,-38082,97396,409854,-34806,444660
653774,601629,2021-10-12 00:00:00,96406,111326,451556,398340,1105330,105361,999969,1850000,94607,-71855,166462,96406,-14920,111326,451556,53216,398340
670331,692304,2021-10-19 00:00:00,88973,122641,578404,400437,1248735,155994,1092741,1999747,98797,-84326,183123,88973,-33668,122641,578404,177967,400437
634561,750572,2021-10-26 00:00:00,68718,125643,616577,317376,1251138,183190,1067948,2035466,86925,-83427,170352,68718,-56925,125643,616577,299201,317376
639007,813223,2021-11-02 00:00:00,72298,152573,623638,230078,1262645,219344,1043301,2062513,89377,-86126,175503,72298,-80275,152573,623638,393560,230078
631691,811411,2021-11-09 00:00:00,57117,163453,634841,192586,1266532,262535,1003997,2023295,74384,-104731,179115,57117,-106336,163453,634841,442255,192586
595331,777885,2021-11-16 00:00:00,59014,175597,662817,182084,1258148,298179,959969,2027099,66630,-123456,190086,59014,-116583,175597,662817,480733,182084
560915,653297,2021-11-23 00:00:00,55949,190107,628046,208794,1188961,326870,862091,2144601,81959,-140494,222453,55949,-134158,190107,628046,419252,208794
595380,612228,2021-11-30 00:00:00,52212,149567,481247,155516,1076627,308883,767744,1793028,54633,-160979,215612,52212,-97355,149567,481247,325731,155516
580762,637668,2021-12-07 00:00:00,58334,154933,525457,148137,1106219,320414,785805,1902996,54470,-168840,223310,58334,-96599,154933,525457,377320,148137
612879,667057,2021-12-14 00:00:00,53402,153458,603509,178069,1216388,371262,845126,1978810,46606,-199302,245908,53402,-100056,153458,603509,425440,178069
645154,651759,2021-12-21 00:00:00,48026,177875,568022,163361,1213176,398056,815120,1984733,40004,-198048,238052,48026,-129849,177875,568022,404661,163361
641164,659290,2021-12-28 00:00:00,51365,184309,570849,160300,1212013,392423,819590,1979418,41135,-197172,238307,51365,-132944,184309,570849,410549,160300
676257,670598,2022-01-04 00:00:00,56686,160202,540888,166281,1217145,380266,836879,1961147,45272,-207623,252895,56686,-103516,160202,540888,374607,166281
732297,661056,2022-01-11 00:00:00,49652,170905,529095,197478,1261392,402858,858534,2029069,45621,-212612,258233,49652,-121253,170905,529095,331617,197478
769566,661055,2022-01-18 00:00:00,63281,184230,536114,217512,1305680,427113,878567,2124651,53357,-239472,292829,63281,-120949,184230,536114,318602,217512
798806,695651,2022-01-25 00:00:00,52440,169355,488668,242770,1287474,349053,938421,2125518,59129,-166945,226074,52440,-116915,169355,488668,245898,242770
803714,674758,2022-02-01 00:00:00,53165,135174,625890,356755,1429604,398091,1031513,2286312,47159,-214309,261468,53165,-82009,135174,625890,269135,356755
811206,634800,2022-02-08 00:00:00,84167,146782,612590,400570,1423796,388426,1035370,2321316,35624,-233966,269590,84167,-62615,146782,612590,212020,400570
855295,586459,2022-02-15 00:00:00,137678,151106,376275,325184,1231570,319927,911643,2229657,20989,-237773,258762,137678,-13428,151106,376275,51091,325184
816900,516302,2022-02-22 00:00:00,125646,159251,352085,285414,1168985,367269,801716,2166216,19097,-235751,254848,125646,-33605,159251,352085,66671,285414
818012,528204,2022-03-01 00:00:00,130086,171400,375100,276367,1193112,388541,804571,2052175,17330,-277959,295289,130086,-41314,171400,375100,98733,276367
888844,524368,2022-03-08 00:00:00,120337,169289,308995,348879,1197839,324592,873247,2038774,34318,-203106,237424,120337,-48952,169289,308995,-39884,348879
896404,653700,2022-03-15 00:00:00,140008,142051,389568,378067,1285972,254205,1031767,2157986,42821,-183029,225850,140008,-2043,142051,389568,11501,378067
860287,641364,2022-03-22 00:00:00,117631,153446,469992,444935,1330279,243980,1086299,2301162,126652,-128971,255623,117631,-35815,153446,469992,25057,444935
786452,594126,2022-03-29 00:00:00,106708,161171,511193,425377,1297645,278142,1019503,2253403,135467,-121980,257447,106708,-54463,161171,511193,85816,425377
819860,617267,2022-04-05 00:00:00,119234,150907,498700,376354,1318560,324939,993621,2198190,62567,-193525,256092,119234,-31673,150907,498700,122346,376354
831328,512884,2022-04-12 00:00:00,93948,180561,532520,445826,1363848,405138,958710,2212609,36075,-248858,284933,93948,-86613,180561,532520,86694,445826
892681,467723,2022-04-19 00:00:00,111611,163553,519693,481851,1412374,462800,949574,2239492,40555,-315723,356278,111611,-51942,163553,519693,37842,481851
874046,442334,2022-04-26 00:00:00,106530,195616,507806,496021,1381852,443497,938355,2214847,40244,-259759,300003,106530,-89086,195616,507806,11785,496021
881785,441518,2022-05-03 00:00:00,97926,204794,504277,478788,1386062,465756,920306,2234978,49537,-241776,291313,97926,-106868,204794,504277,25489,478788
922416,423789,2022-05-10 00:00:00,82146,216061,484501,436900,1406917,546228,860689,2266783,50071,-337182,387253,82146,-133915,216061,484501,47601,436900
930928,388651,2022-05-17 00:00:00,85509,249725,551500,478471,1482428,615306,867122,2378501,47735,-376280,424015,85509,-164216,249725,551500,73029,478471
854938,416030,2022-05-24 00:00:00,89718,244565,653809,539898,1508747,552819,955928,2526428,38335,-326259,364594,89718,-154847,244565,653809,113911,539898
866826,434758,2022-05-31 00:00:00,86538,209274,563395,517960,1430221,477503,952718,2220302,34273,-289594,323867,86538,-122736,209274,563395,45435,517960
834317,386510,2022-06-07 00:00:00,104208,179397,406964,446313,1241281,408458,832823,2004265,35365,-278579,313944,104208,-75189,179397,406964,-39349,446313
853508,426023,2022-06-14 00:00:00,93574,188262,399103,418724,1252611,407864,844747,2020865,38330,-245307,283637,93574,-94688,188262,399103,-19621,418724
851158,528123,2022-06-21 00:00:00,93332,221735,460140,322937,1311298,460238,851060,2095438,29878,-245313,275191,93332,-128403,221735,460140,137203,322937
876693,551446,2022-06-28 00:00:00,87459,253241,511846,357303,1388539,479790,908749,2125308,18366,-221345,239711,87459,-165782,253241,511846,154543,357303
904126,559645,2022-07-05 00:00:00,75989,277118,488954,335375,1393080,498060,895020,2113121,29288,-211964,241252,75989,-201129,277118,488954,153579,335375
897782,532083,2022-07-12 00:00:00,59745,254855,472808,318121,1370590,520386,850204,2075802,26718,-222915,249633,59745,-195110,254855,472808,154687,318121
898678,530291,2022-07-19 00:00:00,66668,261971,413818,365167,1312496,417038,895458,2091875,92835,-142446,235281,66668,-195303,261971,413818,48651,365167
921750,524960,2022-07-26 00:00:00,75452,259090,331524,332091,1253274,396223,857051,2035096,83506,-141856,225362,75452,-183638,259090,331524,-567,332091
933734,518501,2022-08-02 00:00:00,74254,223542,300819,390484,1234553,325568,908985,2075824,129117,-92677,221794,74254,-149288,223542,300819,-89665,390484
982066,560703,2022-08-09 00:00:00,53171,223950,290446,439669,1272512,272140,1000372,2142492,159984,-49338,209322,53171,-170779,223950,290446,-149223,439669
1024253,541894,2022-08-16 00:00:00,48734,210867,231985,458822,1256238,255522,1000716,2142734,168143,-57979,226122,48734,-162133,210867,231985,-226837,458822
1024376,550540,2022-08-23 00:00:00,39673,285559,227105,350313,1251481,350628,900853,2181759,167937,-40994,208931,39673,-245886,285559,227105,-123208,350313
981694,524521,2022-08-30 00:00:00,36755,235005,154938,327991,1136632,284120,852512,1972547,176573,-19194,195767,36755,-198250,235005,154938,-173053,327991
1002208,492764,2022-09-06 00:00:00,40563,247814,166086,345681,1168294,329849,838445,1963232,160622,-36859,197481,40563,-207251,247814,166086,-179595,345681
1094019,447848,2022-09-13 00:00:00,50855,273107,170713,466140,1264732,350744,913988,2021240,159665,-49159,208824,50855,-222252,273107,170713,-295427,466140
1070683,470777,2022-09-20 00:00:00,45167,237176,257715,513947,1328398,343674,984724,2036670,133097,-56034,189131,45167,-192009,237176,257715,-256232,513947
1095201,469173,2022-09-27 00:00:00,41762,217897,230091,482733,1325292,373386,951906,2043129,120925,-91121,212046,41762,-176135,217897,230091,-252642,482733
1072647,425522,2022-10-04 00:00:00,29544,216805,202596,502994,1275243,346727,928516,1982564,131102,-70578,201680,29544,-187261,216805,202596,-300398,502994
1133574,417766,2022-10-11 00:00:00,27729,237882,196365,584348,1329939,327825,1002114,2067608,149393,-27906,177299,27729,-210153,237882,196365,-387983,584348
1157048,407778,2022-10-18 00:00:00,25875,246306,164545,635152,1321593,278663,1042930,2069164,139621,9758,129863,25875,-220431,246306,164545,-470607,635152
1227277,359033,2022-10-25 00:00:00,29357,256814,153613,725305,1380890,296552,1084338,2157028,146357,3514,142843,29357,-227457,256814,153613,-571692,725305
1287567,365962,2022-11-01 00:00:00,46592,198794,155919,909338,1443486,168186,1275300,2262626,158333,11420,146913,46592,-152202,198794,155919,-753419,909338
1258111,357077,2022-11-08 00:00:00,39656,245623,173506,858471,1431617,216069,1215548,2232906,159128,12259,146869,39656,-205967,245623,173506,-684965,858471
1300522,358544,2022-11-15 00:00:00,57644,208755,132536,923787,1433058,150727,1282331,2283573,143102,4708,138394,57644,-151111,208755,132536,-791251,923787
1310279,353293,2022-11-22 00:00:00,50527,192400,114938,908683,1425217,163241,1261976,2310608,127746,-3672,131418,50527,-141873,192400,114938,-793745,908683
1263756,367055,2022-11-29 00:00:00,30453,187009,113042,848770,1376798,160973,1215825,2106030,133927,-13823,147750,30453,-156556,187009,113042,-735728,848770
1260113,379437,2022-12-06 00:00:00,44742,192847,139035,884538,1399148,135173,1263975,2125717,144680,7775,136905,44742,-148105,192847,139035,-745503,884538
1296425,383423,2022-12-13 00:00:00,37534,208960,137010,896912,1433435,153100,1280335,2227595,144161,15415,128746,37534,-171426,208960,137010,-759902,896912
1305479,345702,2022-12-20 00:00:00,34420,239873,151851,919658,1457330,191970,1265360,2240490,146468,16979,129489,34420,-205453,239873,151851,-767807,919658
1301551,352801,2022-12-27 00:00:00,34197,219606,160931,959084,1462482,150597,1311885,2245087,157504,27081,130423,34197,-185409,219606,160931,-798153,959084
1278371,386568,2023-01-03 00:00:00,33085,222102,147911,886308,1426282,153406,1272876,2229331,168576,38739,129837,33085,-189017,222102,147911,-738397,886308
1235452,424915,2023-01-10 00:00:00,39224,285943,309608,897603,1545060,222542,1322518,2336656,153217,20341,132876,39224,-246719,285943,309608,-587995,897603
1238173,448696,2023-01-17 00:00:00,52964,286494,326100,887869,1564273,227708,1336565,2362522,130151,-5557,135708,52964,-233530,286494,326100,-561769,887869
1254267,456710,2023-01-24 00:00:00,53322,306718,354341,925813,1608608,226085,1382523,2441377,145854,4654,141200,53322,-253396,306718,354341,-571472,925813
1280708,473168,2023-01-31 00:00:00,59665,258176,307596,948833,1588304,166303,1422001,2459866,166277,7715,158562,59665,-198511,258176,307596,-641237,948833
1319168,542470,2023-02-07 00:00:00,77464,229012,395725,1120377,1714893,52046,1662847,2594198,187161,53987,133174,77464,-151548,229012,395725,-724652,1120377
1378068,578030,2023-02-14 00:00:00,67262,249174,458534,1187466,1836602,71106,1765496,2774236,180572,67679,112893,67262,-181912,249174,458534,-728932,1187466
1372769,554290,2023-02-21 00:00:00,66287,258742,490485,1188371,1863254,120593,1742661,2942369,162011,36116,125895,66287,-192455,258742,490485,-697886,1188371
1307471,558029,2023-02-28 00:00:00,58090,277731,474057,1079904,1781528,143595,1637933,2672350,192918,59818,133100,58090,-219641,277731,474057,-605847,1079904
1326506,555745,2023-03-07 00:00:00,60846,239905,402061,1062164,1728567,110658,1617909,2596303,171037,51242,119795,60846,-179059,239905,402061,-660103,1062164
1181243,536975,2023-03-14 00:00:00,61814,244200,367575,799856,1548818,211987,1336831,2406308,112995,-49120,162115,61814,-182386,244200,367575,-432281,799856
1132080,503372,2023-03-21 00:00:00,45232,251635,470294,846651,1602374,252351,1350023,2379497,104921,-65382,170303,45232,-206403,251635,470294,-376357,846651
1190969,492319,2023-03-28 00:00:00,58245,278972,464488,927188,1655457,235950,1419507,2405787,115505,-36942,152447,58245,-220727,278972,464488,-462700,927188
1197908,512863,2023-04-04 00:00:00,50870,269161,435552,920970,1633460,199627,1433833,2400714,131570,-1008,132578,50870,-218291,269161,435552,-485418,920970
1209925,491095,2023-04-11 00:00:00,48332,279912,475130,1051923,1685055,142037,1543018,2593224,224584,52592,171992,48332,-231580,279912,475130,-576793,1051923
1254248,456947,2023-04-18 00:00:00,53115,286335,506476,1179223,1760724,124554,1636170,2701341,227109,53429,173680,53115,-233220,286335,506476,-672747,1179223
1231460,418424,2023-04-25 00:00:00,59961,299426,533327,1257870,1764787,88493,1676294,2760518,262696,91552,171144,59961,-239465,299426,533327,-724543,1257870
1263264,377053,2023-05-02 00:00:00,59519,273938,526871,1346557,1790135,66525,1723610,2804936,257328,87161,170167,59519,-214419,273938,526871,-819686,1346557
1302988,407303,2023-05-09 00:00:00,70405,302219,639248,1520911,1942236,14022,1928214,3061132,317852,148412,169440,70405,-231814,302219,639248,-881663,1520911
1361170,401472,2023-05-16 00:00:00,79739,256997,657749,1702089,2018919,-84642,2103561,3228454,336101,180471,155630,79739,-177258,256997,657749,-1044340,1702089
1388874,392600,2023-05-23 00:00:00,82910,285640,705040,1755680,2093914,-54366,2148280,3363846,307541,164275,143266,82910,-202730,285640,705040,-1050640,1755680
1383363,381477,2023-05-30 00:00:00,87123,267872,758287,1817657,2141650,-57484,2199134,3222108,298402,152640,145762,87123,-180749,267872,758287,-1059370,1817657
1506624,450819,2023-06-06 00:00:00,92775,255771,751625,1959104,2258249,-151674,2409923,3414265,376385,219171,157214,92775,-162996,255771,751625,-1207479,1959104
1614575,437265,2023-06-13 00:00:00,108976,276509,776356,2002177,2390931,-48511,2439442,3446657,285477,128758,156719,108976,-167533,276509,776356,-1225821,2002177
1664166,473456,2023-06-20 00:00:00,123504,288371,804478,2074572,2468644,-79384,2548028,3586854,323380,155587,167793,123504,-164867,288371,804478,-1270094,2074572
1732818,505967,2023-06-27 00:00:00,122481,303630,819090,2113151,2551908,-67210,2619118,3676596,348077,160215,187862,122481,-181149,303630,819090,-1294061,2113151
1736847,498499,2023-07-03 00:00:00,134242,292474,791836,2134125,2528683,-103941,2632624,3711719,370021,172918,197103,134242,-158232,292474,791836,-1342289,2134125
1721825,524526,2023-07-11 00:00:00,128626,302170,804801,2133616,2526626,-131516,2658142,3726473,378642,215797,162845,128626,-173544,302170,804801,-1328815,2133616
1786998,501899,2023-07-18 00:00:00,126054,263155,710273,2140322,2497271,-144950,2642221,3701045,361311,180080,181231,126054,-137101,263155,710273,-1430049,2140322
1773234,491603,2023-07-25 00:00:00,132692,235078,677429,2163499,2450663,-204439,2655102,3665744,394535,210793,183742,132692,-102386,235078,677429,-1486070,2163499
1754399,481673,2023-08-01 00:00:00,141777,242456,673349,2157690,2427748,-211615,2639363,3673879,385526,202588,182938,141777,-100679,242456,673349,-1484341,2157690
1745765,502128,2023-08-08 00:00:00,125916,282014,786373,2198706,2532138,-168696,2700834,3800455,394722,223103,171619,125916,-156098,282014,786373,-1412333,2198706
1773600,500392,2023-08-15 00:00:00,129808,319172,773554,2218869,2547154,-172107,2719261,3869753,404259,233270,170989,129808,-189364,319172,773554,-1445315,2218869
1823133,523722,2023-08-22 00:00:00,144034,332403,847806,2332447,2670939,-185230,2856169,4035039,412274,243789,168485,144034,-188369,332403,847806,-1484641,2332447
1708432,472936,2023-08-29 00:00:00,134898,357193,789528,2146463,2497960,-121439,2619399,3783433,407760,234555,173205,134898,-222295,357193,789528,-1356935,2146463
1657373,511663,2023-09-05 00:00:00,131293,287654,809164,2132775,2466537,-177901,2644438,3698767,405504,231709,173795,131293,-156361,287654,809164,-1323611,2132775
1689080,510574,2023-09-12 00:00:00,154328,338690,767859,2097389,2456939,-151024,2607963,3699476,393843,225287,168556,154328,-184362,338690,767859,-1329530,2097389
1718031,538196,2023-09-19 00:00:00,153526,350523,773987,2128771,2492018,-174949,2666967,3806739,430655,258157,172498,153526,-196997,350523,773987,-1354784,2128771
1734679,538013,2023-09-26 00:00:00,146231,384155,884271,2242606,2618950,-161669,2780619,3972952,437112,269735,167377,146231,-237924,384155,884271,-1358335,2242606
1775872,519324,2023-10-03 00:00:00,144205,380033,892067,2321261,2667939,-172646,2840585,4028941,430687,270886,159801,144205,-235828,380033,892067,-1429194,2321261
1817386,512927,2023-10-10 00:00:00,140466,410119,933282,2357685,2750668,-119944,2870612,4101088,419419,258353,161066,140466,-269653,410119,933282,-1424403,2357685
1899749,525889,2023-10-17 00:00:00,142024,362864,903041,2465588,2802790,-188687,2991477,4139105,446282,284669,161613,142024,-220840,362864,903041,-1562547,2465588
1902437,525804,2023-10-24 00:00:00,161396,374911,1064938,2649896,2967375,-208325,3175700,4291327,451454,294570,156884,161396,-213515,374911,1064938,-1584958,2649896
1942559,511499,2023-10-31 00:00:00,127745,360725,1032266,2638010,2974825,-174684,3149509,4255383,450045,283942,166103,127745,-232980,360725,1032266,-1605744,2638010
1968063,497982,2023-11-07 00:00:00,143509,320021,937413,2658314,2905476,-250820,3156296,4229760,474869,300108,174761,143509,-176512,320021,937413,-1720901,2658314
1893280,504752,2023-11-14 00:00:00,138114,367211,968702,2595004,2861982,-237774,3099756,4274379,507457,335225,172232,138114,-229097,367211,968702,-1626302,2595004
1898082,514084,2023-11-21 00:00:00,144403,360005,892444,2520003,2790526,-243561,3034087,4253233,495237,313757,181480,144403,-215602,360005,892444,-1627559,2520003
1831664,494964,2023-11-28 00:00:00,142232,421696,905660,2437832,2737324,-195472,2932796,4107508,506374,328082,178292,142232,-279464,421696,905660,-1532172,2437832
1873647,463655,2023-12-05 00:00:00,161629,368131,867771,2557726,2741418,-279963,3021381,4149739,535875,345991,189884,161629,-206502,368131,867771,-1689955,2557726
1758979,473662,2023-12-12 00:00:00,133465,330488,831368,2412015,2590347,-295330,2885677,3994780,537142,356023,181119,133465,-197023,330488,831368,-1580647,2412015
1678143,472417,2023-12-19 00:00:00,116075,318885,812213,2335063,2490356,-317124,2807480,3876940,532540,386566,145974,116075,-202810,318885,812213,-1522850,2335063
1693599,472495,2023-12-26 00:00:00,114249,327648,763048,2290802,2456647,-306650,2763297,3789462,529791,383597,146194,114249,-213399,327648,763048,-1527754,2290802
1702741,459457,2024-01-02 00:00:00,120379,363564,775882,2266563,2478623,-247397,2726020,3799946,528841,376594,152247,120379,-243185,363564,775882,-1490681,2266563
1693511,441542,2024-01-09 00:00:00,128580,409954,767061,2247767,2460572,-228737,2689309,3823543,522113,381982,140131,128580,-281374,409954,767061,-1480706,2247767
1734859,485973,2024-01-16 00:00:00,126850,431458,865901,2297023,2600760,-182236,2782996,3946735,518375,373919,144456,126850,-304608,431458,865901,-1431122,2297023
1697554,486396,2024-01-23 00:00:00,130410,438702,883216,2305658,2580770,-211284,2792054,3998349,523624,386990,136634,130410,-308292,438702,883216,-1422442,2305658
1756397,474393,2024-01-30 00:00:00,131126,459159,851560,2324315,2607957,-190751,2798708,3975810,516828,378994,137834,131126,-328033,459159,851560,-1472755,2324315
1812190,486794,2024-02-06 00:00:00,145508,493051,785805,2272105,2597995,-160904,2758899,4001448,522980,369222,153758,145508,-347543,493051,785805,-1486300,2272105
1786664,488167,2024-02-13 00:00:00,141020,472500,773961,2260442,2560625,-187984,2748609,4085859,535707,383947,151760,141020,-331480,472500,773961,-1486481,2260442
1817648,489226,2024-02-20 00:00:00,124383,517686,720622,2179310,2538270,-130266,2668536,4124430,536950,395548,141402,124383,-393303,517686,720622,-1458688,2179310
1764903,490452,2024-02-27 00:00:00,125160,495238,588811,1986209,2353714,-122947,2476661,3827809,492598,358442,134156,125160,-370078,495238,588811,-1397398,1986209
1749175,518459,2024-03-05 00:00:00,134944,435242,548057,1980526,2297232,-201753,2498985,3664001,505544,388457,117087,134944,-300298,435242,548057,-1432469,1980526
1720634,471899,2024-03-12 00:00:00,132803,467658,491143,1921029,2211777,-181151,2392928,3703993,515288,395608,119680,132803,-334855,467658,491143,-1429886,1921029
1667495,479493,2024-03-19 00:00:00,107853,482609,551588,1862509,2219083,-122919,2342002,3785679,509909,383083,126826,107853,-374756,482609,551588,-1310921,1862509
1658037,527703,2024-03-26 00:00:00,105014,469077,606811,1884892,2264848,-147747,2412595,3791606,521041,389588,131453,105014,-364063,469077,606811,-1278081,1884892
1705172,512368,2024-04-02 00:00:00,109192,485864,573955,1907055,2279127,-140296,2419423,3872016,532911,403039,129872,109192,-376672,485864,573955,-1333100,1907055
1710256,533113,2024-04-09 00:00:00,118980,478042,599399,1934070,2309655,-157528,2467183,3940485,530100,404473,125627,118980,-359062,478042,599399,-1334671,1934070
2163465,531825,2024-04-16 00:00:00,147256,525039,306732,2083428,2470197,-145056,2615253,4095059,528568,390248,138320,147256,-377783,525039,306732,-1776696,2083428
2205826,516619,2024-04-23 00:00:00,119426,490424,336194,2168443,2542020,-143042,2685062,4178396,531601,387042,144559,119426,-370998,490424,336194,-1832249,2168443
2290441,549875,2024-04-30 00:00:00,117546,487878,282830,2203269,2573271,-179873,2753144,4201160,541503,411373,130130,117546,-370332,487878,282830,-1920439,2203269
2324265,597100,2024-05-07 00:00:00,115992,477397,302607,2210282,2626872,-180510,2807382,4170324,531272,399218,132054,115992,-361405,477397,302607,-1907675,2210282
2243192,559188,2024-05-14 00:00:00,110219,496143,329150,2162623,2572342,-149469,2721811,4135081,535570,401302,134268,110219,-385924,496143,329150,-1833473,2162623
2169722,578363,2024-05-21 00:00:00,147410,435743,317876,2178534,2487598,-269299,2756897,4204447,544781,422405,122376,147410,-288333,435743,317876,-1860658,2178534
2027114,519381,2024-05-28 00:00:00,172993,467041,267714,2059762,2294828,-284315,2579143,4172934,534194,423418,110776,172993,-294048,467041,267714,-1792048,2059762
2087277,528509,2024-06-04 00:00:00,125809,447957,280859,2098260,2368136,-258633,2626769,3896137,556289,441052,115237,125809,-322148,447957,280859,-1817401,2098260
2180455,486387,2024-06-11 00:00:00,152811,484739,330096,2263978,2510551,-239814,2750365,4031597,552537,431435,121102,152811,-331928,484739,330096,-1933882,2263978
2260316,460752,2024-06-18 00:00:00,160974,424894,331901,2433721,2592217,-302256,2894473,4156557,547842,421155,126687,160974,-263920,424894,331901,-2101820,2433721
2334307,461248,2024-06-25 00:00:00,147603,441776,360792,2514604,2695099,-280753,2975852,4188237,548300,422105,126195,147603,-294173,441776,360792,-2153812,2514604
2391188,523544,2024-07-02 00:00:00,131124,395935,398450,2568738,2789638,-302644,3092282,4292945,544532,423242,121290,131124,-264811,395935,398450,-2170288,2568738
2374709,497695,2024-07-09 00:00:00,155851,426178,417082,2611863,2791791,-317767,3109558,4359100,546516,428329,118187,155851,-270327,426178,417082,-2194781,2611863
2430279,532015,2024-07-16 00:00:00,168158,443344,460716,2677120,2890995,-318140,3209135,4493997,541889,418197,123692,168158,-275186,443344,460716,-2216404,2677120
2447609,497684,2024-07-23 00:00:00,175215,424289,483107,2722486,2930716,-289454,3220170,4498711,502886,371071,131815,175215,-249074,424289,483107,-2239379,2722486
2414315,519869,2024-07-30 00:00:00,200048,382752,499445,2681560,2913760,-287669,3201429,4451221,450151,275507,174644,200048,-182704,382752,499445,-2182115,2681560
2532147,468918,2024-08-06 00:00:00,155509,432569,443427,2653618,2975574,-146962,3122536,4498462,450525,251429,199096,155509,-277060,432569,443427,-2210191,2653618
2529833,456238,2024-08-13 00:00:00,180232,434600,451626,2740991,2981459,-215770,3197229,4535097,457783,265289,192494,180232,-254368,434600,451626,-2289365,2740991
2548886,479992,2024-08-20 00:00:00,201786,407149,398616,2742680,2947502,-275170,3222672,4557751,464366,287389,176977,201786,-205363,407149,398616,-2344064,2742680
2425684,475883,2024-08-27 00:00:00,168131,433269,332850,2491665,2758534,-209014,2967548,4371492,469743,292562,177181,168131,-265138,433269,332850,-2158815,2491665
2470841,501997,2024-09-03 00:00:00,153557,410081,367437,2563992,2838278,-227711,3065989,4276618,483837,317066,166771,153557,-256524,410081,367437,-2196555,2563992
2587776,459053,2024-09-10 00:00:00,125015,415629,408484,2662623,2996260,-125416,3121676,4401478,448692,263089,185603,125015,-290614,415629,408484,-2254139,2662623
2561596,402298,2024-09-17 00:00:00,142044,455252,369690,2620252,2931286,-91264,3022550,4389249,454970,246475,208495,142044,-313208,455252,369690,-2250562,2620252
2580384,475619,2024-09-24 00:00:00,168832,434214,445342,2739184,3025726,-189077,3214803,4517791,484819,267624,217195,168832,-265382,434214,445342,-2293842,2739184
2605971,489703,2024-10-01 00:00:00,169738,386800,430799,2806697,3036770,-259630,3296400,4523095,477320,283057,194263,169738,-217062,386800,430799,-2375898,2806697
2590894,422405,2024-10-08 00:00:00,175490,431825,406874,2821011,2997768,-245648,3243416,4516925,474189,311036,163153,175490,-256335,431825,406874,-2414137,2821011
2641155,422375,2024-10-15 00:00:00,192795,462726,355091,2866397,2996246,-292526,3288772,4540760,498138,381535,116603,192795,-269931,462726,355091,-2511306,2866397
2702055,426127,2024-10-22 00:00:00,216588,467401,387609,2953197,3089664,-289660,3379324,4626308,487996,361110,126886,216588,-250813,467401,387609,-2565588,2953197
2694964,406688,2024-10-29 00:00:00,219210,421068,366268,2994194,3061232,-339650,3400882,4576316,501368,379468,121900,219210,-201858,421068,366268,-2627926,2994194
2602873,272933,2024-11-05 00:00:00,209231,432315,293745,2928157,2896618,-304472,3201090,4457909,494490,373527,120963,209231,-223084,432315,293745,-2634412,2928157
2644828,271554,2024-11-12 00:00:00,184277,453525,346740,3044236,2991568,-324222,3315790,4679232,556684,428007,128677,184277,-269248,453525,346740,-2697496,3044236
2531438,248391,2024-11-19 00:00:00,191188,429798,330290,2928624,2861728,-315287,3177015,4676352,553293,394007,159286,191188,-238610,429798,330290,-2598334,2928624
2353729,276877,2024-11-26 00:00:00,236962,400337,332373,2744188,2686102,-334963,3021065,4385772,502147,347071,155076,236962,-163375,400337,332373,-2411815,2744188
2404702,341639,2024-12-03 00:00:00,274643,387743,317190,2708940,2721892,-328687,3050579,4333189,466884,300096,166788,274643,-113100,387743,317190,-2391750,2708940
2395063,334909,2024-12-10 00:00:00,301009,342617,286423,2761294,2681486,-414717,3096203,4333815,468734,314595,154139,301009,-41608,342617,286423,-2474871,2761294
2431118,306655,2024-12-17 00:00:00,204313,347573,306015,2716352,2737133,-285874,3023007,4276400,454154,298749,155405,204313,-143260,347573,306015,-2410337,2716352
2464978,274344,2024-12-24 00:00:00,156990,383687,321958,2724929,2786936,-212337,2999273,4304239,460382,308015,152367,156990,-226697,383687,321958,-2402971,2724929
2449323,348942,2024-12-31 00:00:00,144643,352018,383695,2691830,2833018,-207754,3040772,4334406,442369,277056,165313,144643,-207375,352018,383695,-2308135,2691830
2378291,357979,2025-01-07 00:00:00,148114,385644,383439,2612559,2761730,-208808,2970538,4321824,464107,303770,160337,148114,-237530,385644,383439,-2229120,2612559
2423828,310552,2025-01-14 00:00:00,122670,393364,412690,2664277,2836518,-138311,2974829,4363187,456827,294091,162736,122670,-270694,393364,412690,-2251587,2664277
2322507,327759,2025-01-21 00:00:00,143785,379213,388418,2513566,2710925,-130400,2841325,4207789,393844,225106,168738,143785,-235428,379213,388418,-2125148,2513566
2366237,325141,2025-01-28 00:00:00,151947,350356,426128,2559998,2792365,-92774,2885139,4266041,374789,151238,223551,151947,-198409,350356,426128,-2133870,2559998
2312347,347310,2025-02-04 00:00:00,151834,335564,418662,2544736,2731009,-161037,2892046,4168965,382346,204784,177562,151834,-183730,335564,418662,-2126074,2544736
2336734,327421,2025-02-11 00:00:00,165642,379884,383046,2471889,2719780,-79530,2799310,4223966,386033,184938,201095,165642,-214242,379884,383046,-2088843,2471889
2269878,313262,2025-02-18 00:00:00,125590,375680,398656,2403531,2668534,-48259,2716793,4221239,359400,188148,171252,125590,-250090,375680,398656,-2004875,2403531
2120470,287096,2025-02-25 00:00:00,132527,395152,415830,2295483,2536300,-46279,2582579,4292877,327980,167871,160109,132527,-262625,395152,415830,-1879653,2295483
2141143,279551,2025-03-04 00:00:00,89125,413800,380345,2176013,2521488,65924,2455564,3921753,277418,120817,156601,89125,-324675,413800,380345,-1795668,2176013
2163454,258702,2025-03-11 00:00:00,160965,398750,333198,2225318,2496652,12632,2484020,4025387,274151,89832,184319,160965,-237785,398750,333198,-1892120,2225318
2065489,268383,2025-03-18 00:00:00,167045,349025,327163,2184786,2392652,-60517,2453169,3923740,276099,105355,170744,167045,-181980,349025,327163,-1857623,2184786
2027546,327271,2025-03-25 00:00:00,211746,360479,378006,2120512,2405552,-42231,2447783,3960611,266908,69578,197330,211746,-148733,360479,378006,-1742506,2120512
2084383,344755,2025-04-01 00:00:00,211497,369735,413054,2199730,2497437,-47048,2544485,4010239,266628,93580,173048,211497,-158238,369735,413054,-1786676,2199730
2106394,333679,2025-04-08 00:00:00,125717,435335,507228,2167947,2613622,111996,2501626,4150105,267828,69277,198551,125717,-309618,435335,507228,-1660719,2167947
2260922,273298,2025-04-15 00:00:00,148715,467607,395409,2277468,2656331,105565,2550766,4118081,253743,97036,156707,148715,-318892,467607,395409,-1882059,2277468
2282192,265008,2025-04-22 00:00:00,173882,459112,409608,2335963,2691800,90829,2600971,4222348,256391,79620,176771,173882,-285230,459112,409608,-1926355,2335963
2234779,313449,2025-04-29 00:00:00,183353,441406,403985,2285781,2638764,39534,2599230,4182684,262921,85478,177443,183353,-258053,441406,403985,-1881796,2285781
2188072,326751,2025-05-06 00:00:00,197513,446164,338821,2204371,2526893,-4229,2531122,4225614,277639,105017,172622,197513,-248651,446164,338821,-1865550,2204371
2236378,379088,2025-05-13 00:00:00,214962,419773,349416,2205685,2585794,1021,2584773,4320314,275607,93615,181992,214962,-204811,419773,349416,-1856269,2205685
2218902,389055,2025-05-20 00:00:00,189893,429100,434738,2260483,2653640,4102,2649538,4417553,312563,108062,204501,189893,-239207,429100,434738,-1825745,2260483
2141198,449366,2025-05-27 00:00:00,175580,415414,432837,2184855,2574035,-60186,2634221,4122841,265290,71869,193421,175580,-239834,415414,432837,-1752018,2184855
2166017,426004,2025-06-03 00:00:00,184484,377344,432606,2188378,2598623,-15759,2614382,3942374,263796,88262,175534,184484,-192860,377344,432606,-1755772,2188378
2275985,415080,2025-06-10 00:00:00,179168,413815,430070,2295798,2706055,-4823,2710878,4084165,289841,108185,181656,179168,-234647,413815,430070,-1865728,2295798
2385430,406659,2025-06-17 00:00:00,144956,434346,454903,2304548,2840333,129126,2711207,4152483,290856,90212,200644,144956,-289390,434346,454903,-1849645,2304548
2405883,384024,2025-06-24 00:00:00,168883,453031,503241,2479862,2909124,45238,2863886,4277388,297665,113614,184051,168883,-284148,453031,503241,-1976621,2479862
2582311,461303,2025-07-01 00:00:00,179779,459845,520999,2538902,3103310,103105,3000205,4421655,220692,46612,174080,179779,-280066,459845,520999,-2017903,2538902
2593971,447395,2025-07-08 00:00:00,162806,507017,536765,2504036,3130736,179305,2951431,4474425,224815,18938,205877,162806,-344211,507017,536765,-1967271,2504036
2697297,466492,2025-07-15 00:00:00,155921,473636,469303,2497716,3166600,202392,2964208,4488146,213126,-11771,224897,155921,-317715,473636,469303,-2028413,2497716
2666133,485589,2025-07-22 00:00:00,164885,484365,485679,2469593,3151812,196630,2955182,4498643,214295,-11142,225437,164885,-319480,484365,485679,-1983914,2469593
2650269,487222,2025-07-29 00:00:00,174981,484141,497759,2482541,3148028,178265,2969763,4537590,216734,-29320,246054,174981,-309160,484141,497759,-1984782,2482541
2803923,493801,2025-08-05 00:00:00,166936,539832,473786,2594265,3277709,189643,3088066,4711407,253460,50128,203332,166936,-372896,539832,473786,-2120479,2594265
2765005,503394,2025-08-12 00:00:00,157388,504301,398021,2565356,3163026,94276,3068750,4676837,287992,126386,161606,157388,-346913,504301,398021,-2167335,2565356
2745145,504574,2025-08-19 00:00:00,144838,549058,380348,2465349,3125493,155570,2969923,4666650,273580,126640,146940,144838,-404220,549058,380348,-2085001,2465349
2557284,487983,2025-08-26 00:00:00,132186,511287,391629,2392020,2948913,68910,2880003,4625185,282610,150623,131987,132186,-379101,511287,391629,-2000391,2392020
2700703,536138,2025-09-02 00:00:00,136646,478897,402589,2448970,3103292,118184,2985108,4530923,236536,89745,146791,136646,-342251,478897,402589,-2046381,2448970
2812439,500884,2025-09-09 00:00:00,135265,503895,423562,2597363,3236001,137754,3098247,4689855,238664,81115,157549,135265,-368630,503895,423562,-2173801,2597363
2776944,471830,2025-09-16 00:00:00,128613,497578,430202,2611461,3207146,123855,3083291,4815314,248593,89778,158815,128613,-368965,497578,430202,-2181259,2611461
2706330,458411,2025-09-23 00:00:00,135533,521633,494741,2574292,3201071,168368,3032703,4892985,238101,66089,172012,135533,-386100,521633,494741,-2079551,2574292
2696451,472105,2025-09-30 00:00:00,118471,551233,512717,2519420,3209168,217643,2991525,4943952,255441,83581,171860,118471,-432762,551233,512717,-2006703,2519420
2724409,499552,2025-10-07 00:00:00,122972,501133,499447,2580443,3223856,143861,3079995,4924236,259525,104572,154953,122972,-378161,501133,499447,-2080996,2580443
2743113,451146,2025-10-14 00:00:00,107121,532263,525660,2600858,3268773,216769,3052004,4872074,232143,88056,144087,107121,-425142,532263,525660,-2075198,2600858
2752243,504387,2025-10-21 00:00:00,123149,492807,449098,2561196,3201341,135758,3065583,4852361,237081,89102,147979,123149,-369658,492807,449098,-2112098,2561196
2735090,544927,2025-10-28 00:00:00,142645,473051,477719,2572524,3212809,95358,3117451,4863307,239358,98161,141197,142645,-330406,473051,477719,-2094805,2572524
2772847,559457,2025-11-04 00:00:00,155272,501903,490944,2609923,3263791,94411,3169380,4912524,265935,122203,143732,155272,-346631,501903,490944,-2118979,2609923
2776930,573785,2025-11-10 00:00:00,149166,493581,525189,2623345,3302119,104989,3197130,4966143,262664,112606,150058,149166,-344415,493581,525189,-2098156,2623345
2693335,555830,2025-11-18 00:00:00,154178,485485,454729,2551971,3148064,40263,3107801,4901582,259468,120569,138899,154178,-331307,485485,454729,-2097242,2551971
2636442,492871,2025-11-25 00:00:00,115450,440678,507646,2523858,3144088,127359,3016729,4737149,220845,95833,125012,115450,-325228,440678,507646,-2016212,2523858
2631390,526583,2025-12-02 00:00:00,119478,383657,523069,2590619,3154459,37257,3117202,4610866,239087,114004,125083,119478,-264179,383657,523069,-2067550,2590619
2643787,478273,2025-12-09 00:00:00,119852,367007,502003,2644196,3145790,23321,3122469,4626387,237567,114296,123271,119852,-247155,367007,502003,-2142193,2644196
2716311,452122,2025-12-16 00:00:00,108411,372657,475842,2711670,3192153,28361,3163792,4610175,238002,108925,129077,108411,-264246,372657,475842,-2235828,2711670
2721312,450850,2025-12-23 00:00:00,105111,400269,517170,2737295,3238482,50337,3188145,4644378,255237,119466,135771,105111,-295158,400269,517170,-2220125,2737295
2722915,443277,2025-12-30 00:00:00,118699,400662,546536,2776620,3269451,49554,3219897,4647035,250447,109254,141193,118699,-281963,400662,546536,-2230084,2776620
2737966,487362,2026-01-06 00:00:00,123049,398252,516879,2776916,3254845,-9433,3264278,4699240,287086,153568,133518,123049,-275203,398252,516879,-2260037,2776916
2684895,461920,2026-01-13 00:00:00,141488,443952,363924,2617561,3048819,-30662,3079481,4635398,332507,202516,129991,141488,-302464,443952,363924,-2253637,2617561
2660827,464241,2026-01-20 00:00:00,150351,467807,462570,2671285,3123397,-12129,3135526,4850436,350088,217451,132637,150351,-317456,467807,462570,-2208715,2671285
2651683,460653,2026-01-27 00:00:00,139234,509764,506923,2651697,3158606,46256,3112350,4812734,341308,201037,140271,139234,-370530,509764,506923,-2144774,2651697
2775393,541237,2026-02-03 00:00:00,127822,515147,506009,2653906,3281402,86259,3195143,4862401,339623,199128,140495,127822,-387325,515147,506009,-2147897,2653906
2805690,522493,2026-02-10 00:00:00,118989,543917,512663,2660676,3318353,135184,3183169,4919359,345930,177084,168846,118989,-424928,543917,512663,-2148013,2660676
2783988,487800,2026-02-17 00:00:00,101309,518486,489194,2637485,3273182,147897,3125285,4945848,327009,161136,165873,101309,-417177,518486,489194,-2148291,2637485
2574421,508357,2026-02-24 00:00:00,128633,421842,452148,2532325,3026569,-14113,3040682,4855345,370540,204512,166028,128633,-293209,421842,452148,-2080177,2532325
2558521,488403,2026-03-03 00:00:00,111658,432230,451293,2526360,3009814,-4949,3014763,4760710,393176,217620,175556,111658,-320572,432230,451293,-2075067,2526360
2611013,514315,2026-03-10 00:00:00,100401,563876,400588,2378165,3011601,119121,2892480,4983990,418512,234369,184143,100401,-463475,563876,400588,-1977577,2378165
2704671,473972,2026-03-17 00:00:00,129298,550968,377695,2525885,3082366,82509,2999857,5158110,445903,235589,210314,129298,-421670,550968,377695,-2148190,2525885
3019962,407792,2026-03-24 00:00:00,116611,635386,405998,2762269,3425960,255899,3170061,5259052,394387,177251,217136,116611,-518775,635386,405998,-2356271,2762269
2978053,477062,2026-03-31 00:00:00,104660,595463,456336,2655796,3434389,301531,3132858,5062894,346749,123032,223717,104660,-490803,595463,456336,-2199460,2655796
2971823,501202,2026-04-07 00:00:00,98477,570873,460754,2636824,3432577,294551,3138026,5048661,335437,103175,232262,98477,-472396,570873,460754,-2176070,2636824
2972686,608422,2026-04-14 00:00:00,115637,569207,385075,2481338,3357761,268001,3089760,5005123,321697,108053,213644,115637,-453570,569207,385075,-2096263,2481338
2907663,588033,2026-04-21 00:00:00,101912,486506,407839,2528272,3315502,199197,3116305,5004864,318709,101507,217202,101912,-384594,486506,407839,-2120433,2528272
2911440,568569,2026-04-28 00:00:00,107551,524945,393467,2530437,3304907,205901,3099006,4978827,325519,127944,197575,107551,-417394,524945,393467,-2136970,2530437
2831844,605429,2026-05-05 00:00:00,126102,492583,404579,2456920,3236423,174074,3062349,5009643,333483,109956,223527,126102,-366481,492583,404579,-2052341,2456920
2739856,621768,2026-05-12 00:00:00,148684,499647,392506,2361843,3132362,148751,2983611,5064863,344643,119034,225609,148684,-350963,499647,392506,-1969337,2361843
2801652,656430,2026-05-19 00:00:00,143491,554996,403161,2299793,3204813,248590,2956223,5173095,324603,99276,225327,143491,-411505,554996,403161,-1896632,2299793
2619708,625890,2026-05-26 00:00:00,146129,526955,362249,2135296,2981957,220771,2761186,5043111,312030,105727,206303,146129,-380826,526955,362249,-1773047,2135296
2642971,681597,2026-06-02 00:00:00,140560,468452,359797,2176200,3002768,144971,2857797,4420434,315337,148992,166345,140560,-327892,468452,359797,-1816403,2176200
2492711,617504,2026-06-09 00:00:00,114743,531022,359340,2040575,2852051,193972,2658079,4421942,332526,158982,173544,114743,-416279,531022,359340,-1681235,2040575
2442518,613939,2026-06-16 00:00:00,138542,509679,408506,2122392,2851024,114693,2736331,4444884,358484,185470,173014,138542,-371137,509679,408506,-1713886,2122392
2585334,571421,2026-06-23 00:00:00,121529,599930,349230,2139385,2934564,223758,2710806,4699663,373201,182486,190715,121529,-478401,599930,349230,-1790155,2139385
2535390,580953,2026-06-30 00:00:00,128722,547412,377558,2128165,2912948,203830,2709118,4621622,361823,146413,215410,128722,-418690,547412,377558,-1750607,2128165
2476290,585792,2026-07-07 00:00:00,134703,491265,338544,2101944,2814834,127098,2687736,4592857,364715,149775,214940,134703,-356562,491265,338544,-1763400,2101944
2452176,580548,2026-07-14 00:00:00,122845,572196,375421,2056793,2827597,190256,2637341,4652454,394829,184700,210129,122845,-449351,572196,375421,-1681372,2056793
2409732,593045,2026-07-21 00:00:00,116205,571289,359468,1959648,2769200,216507,2552693,4473842,389737,169271,220466,116205,-455084,571289,359468,-1600180,1959648
2420762,587649,2026-07-28 00:00:00,107539,580453,455851,2019340,2876613,269624,2606989,4593631,372079,154584,217495,107539,-472914,580453,455851,-1563489,2019340
